split,repeat,fold,seed,feature_set,n_train,n_test,n_train_conditions,n_test_conditions,budget,method,stage,n_selected,n_unique_selected_conditions,n_duplicate_condition_slots,max_selected_per_condition,reduction_fraction,alpha,max_atoms,bandwidth,distance_backend,distance_seconds,m,coverage_mean,coverage_max,renyi_meta,renyi_meta_uniform,renyi_meta_weighted,mmd2,subset_1nn_accuracy,subset_1nn_balanced_accuracy,subset_1nn_macro_f1,class_proportion_l1
0,0,0,11,all40,120,40,30,10,0.1,Random,initializer,12,11,1,2,0.9,2.0,8,11.852638309033285,emd_exact,0.3426443000207655,12,17.533088041108247,1275.230063188151,14.467756973827143,14.467756973827143,10.579004407732528,1.5325021415329014,0.95,0.9375,0.9430199430199431,0.0
0,0,0,11,all40,120,40,30,10,0.1,Random-R,same-objective one-swap refinement,12,11,1,2,0.9,2.0,8,11.852638309033285,emd_exact,0.3426443000207655,12,15.950679663860596,1218.3823073615988,13.655826855816326,13.655826855816326,9.885999430333326,1.5324634553792382,0.95,0.9375,0.9430199430199431,0.0
0,0,0,11,all40,120,40,30,10,0.1,FacilityLocation,initializer,12,10,2,3,0.9,2.0,8,11.852638309033285,emd_exact,0.3426443000207655,12,4.888856119398012,16.934473023247985,0.01312803841567162,0.01312803841567162,0.00673258102690809,0.0758071972139851,0.9416666666666667,0.925,0.9330730619074177,0.0
0,0,0,11,all40,120,40,30,10,0.1,FacilityLocation-R,same-objective one-swap refinement,12,9,3,3,0.9,2.0,8,11.852638309033285,emd_exact,0.3426443000207655,12,5.081922196273175,32.88202026776746,0.009538280077789655,0.009538280077789655,0.0036862295070282393,0.0360142042940651,0.9416666666666667,0.925,0.9330730619074177,0.0
0,0,0,11,all40,120,40,30,10,0.1,W2-KMedoids,initializer,12,10,2,3,0.9,2.0,8,11.852638309033285,emd_exact,0.3426443000207655,12,4.796921684580521,16.934473023247985,0.011664131781808439,0.011664131781808439,0.00709713204805078,0.0842488474793347,0.95,0.9437500000000001,0.9437500000000001,0.0
0,0,0,11,all40,120,40,30,10,0.1,W2-KMedoids-R,same-objective one-swap refinement,12,9,3,3,0.9,2.0,8,11.852638309033285,emd_exact,0.3426443000207655,12,4.990301900502416,32.88202026776746,0.008264164490284682,0.008264164490284682,0.0038924565184708833,0.04214559190900957,0.95,0.9437500000000001,0.9437500000000001,0.0
0,0,0,11,all40,120,40,30,10,0.1,MRDS projected,initializer,12,11,1,2,0.9,2.0,8,11.852638309033285,emd_exact,0.3426443000207655,12,6.309836794871353,13.234853297538569,0.032860554525209924,0.032860554525209924,0.011141953736545349,0.13249137698952318,0.7916666666666666,0.6875,0.7051597051597052,0.16666666666666663
0,0,0,11,all40,120,40,30,10,0.1,MRDS-IS-R (proposed),same-objective one-swap refinement,12,10,2,2,0.9,2.0,8,11.852638309033285,emd_exact,0.3426443000207655,12,6.0155337032466845,13.178073548516618,0.04112015279067912,0.04112015279067912,0.005344258476628408,0.06520204211512393,0.975,0.96875,0.9716958880415127,0.3333333333333333
0,0,0,11,all40,120,40,30,10,0.1,Best-of-starts-R (diagnostic only),diagnostic oracle over supplied starts; winner=FacilityLocation,12,9,3,3,0.9,2.0,8,11.852638309033285,emd_exact,0.3426443000207655,12,5.081922196273175,32.88202026776746,0.009538280077789655,0.009538280077789655,0.0036862295070282393,0.0360142042940651,0.9416666666666667,0.925,0.9330730619074177,0.0
1,0,1,11,all40,120,40,30,10,0.1,Random,initializer,12,11,1,2,0.9,2.0,8,11.516205615360086,emd_exact,0.3464273000136018,12,16.54481775449872,1095.2301619682157,14.850426288704103,14.850426288704103,10.866327937760776,1.4802515482844958,0.9333333333333333,0.91875,0.9240265906932574,0.0
1,0,1,11,all40,120,40,30,10,0.1,Random-R,same-objective one-swap refinement,12,11,1,2,0.9,2.0,8,11.516205615360086,emd_exact,0.3464273000136018,12,15.308993460904249,1079.4102568191465,13.717586861833803,13.717586861833803,9.734783196386136,1.4802330763612068,0.9416666666666667,0.925,0.9330730619074177,0.0
1,0,1,11,all40,120,40,30,10,0.1,FacilityLocation,initializer,12,8,4,3,0.9,2.0,8,11.516205615360086,emd_exact,0.3464273000136018,12,4.948888443655163,25.323871391895818,0.023009149729152245,0.023009149729152245,0.009322026386903347,0.10156934982344679,0.95,0.925,0.9413871703028329,0.0
1,0,1,11,all40,120,40,30,10,0.1,FacilityLocation-R,same-objective one-swap refinement,12,8,4,3,0.9,2.0,8,11.516205615360086,emd_exact,0.3464273000136018,12,5.14957673749988,36.437068314385975,0.01534781423119978,0.01534781423119978,0.004918209333236812,0.040437440397475766,0.95,0.925,0.9413871703028329,0.0
1,0,1,11,all40,120,40,30,10,0.1,W2-KMedoids,initializer,12,8,4,3,0.9,2.0,8,11.516205615360086,emd_exact,0.3464273000136018,12,4.923804044600043,25.323871391895818,0.022474501601407335,0.022474501601407335,0.009411606897956466,0.10285122823142856,0.9666666666666667,0.95,0.9614890885750962,0.0
1,0,1,11,all40,120,40,30,10,0.1,W2-KMedoids-R,same-objective one-swap refinement,12,8,4,3,0.9,2.0,8,11.516205615360086,emd_exact,0.3464273000136018,12,5.120177109621599,36.409522898222455,0.01647268560419469,0.01647268560419469,0.004987637555055737,0.0417317799014415,0.9583333333333334,0.96875,0.9544592030360531,0.16666666666666663
1,0,1,11,all40,120,40,30,10,0.1,MRDS projected,initializer,12,10,2,2,0.9,2.0,8,11.516205615360086,emd_exact,0.3464273000136018,12,6.628843151839929,12.629622318050265,0.06082985067324829,0.06082985067324829,0.012612909297616411,0.1289691553528236,0.7,0.775,0.699666295884316,0.16666666666666663
1,0,1,11,all40,120,40,30,10,0.1,MRDS-IS-R (proposed),same-objective one-swap refinement,12,11,1,2,0.9,2.0,8,11.516205615360086,emd_exact,0.3464273000136018,12,5.992672091093345,25.323871391895818,0.03324699910969635,0.03324699910969635,0.005753403521398249,0.060001254892342426,0.825,0.86875,0.8205000356150723,0.16666666666666663
1,0,1,11,all40,120,40,30,10,0.1,Best-of-starts-R (diagnostic only),diagnostic oracle over supplied starts; winner=FacilityLocation,12,8,4,3,0.9,2.0,8,11.516205615360086,emd_exact,0.3464273000136018,12,5.14957673749988,36.437068314385975,0.01534781423119978,0.01534781423119978,0.004918209333236812,0.040437440397475766,0.95,0.925,0.9413871703028329,0.0
2,0,2,11,all40,120,40,30,10,0.1,Random,initializer,12,11,1,2,0.9,2.0,8,12.107596522210757,emd_exact,0.35819030000129715,12,16.822935868371953,1210.6213212229572,14.419374969789118,14.419374969789118,10.41195397503247,1.549379282056588,0.9666666666666667,0.9523809523809523,0.9596638655462184,0.10000000000000003
2,0,2,11,all40,120,40,30,10,0.1,Random-R,same-objective one-swap refinement,12,10,2,2,0.9,2.0,8,12.107596522210757,emd_exact,0.35819030000129715,12,16.42901764218129,1173.471879045275,13.726092113971148,13.726092113971148,9.629510169193365,1.5509099626190839,0.9666666666666667,0.9523809523809523,0.9596638655462184,0.10000000000000003
2,0,2,11,all40,120,40,30,10,0.1,FacilityLocation,initializer,12,10,2,2,0.9,2.0,8,12.107596522210757,emd_exact,0.35819030000129715,12,5.316979286577426,26.163824592140895,0.013074502146451871,0.013074502146451871,0.007143191134987628,0.0871047891826573,0.95,0.9404761904761905,0.9404761904761905,0.10000000000000003
2,0,2,11,all40,120,40,30,10,0.1,FacilityLocation-R,same-objective one-swap refinement,12,10,2,2,0.9,2.0,8,12.107596522210757,emd_exact,0.35819030000129715,12,5.4111121162237446,26.163824592140895,0.01127269495737812,0.01127269495737812,0.003551341817252881,0.03836469392600139,0.95,0.9404761904761905,0.9404761904761905,0.10000000000000003
2,0,2,11,all40,120,40,30,10,0.1,W2-KMedoids,initializer,12,10,2,2,0.9,2.0,8,12.107596522210757,emd_exact,0.35819030000129715,12,5.142242269351905,26.163824592140895,0.008787948616655708,0.008787948616655708,0.006047386161195794,0.0681229811253129,0.9666666666666667,0.9523809523809523,0.9596638655462184,0.2666666666666667
2,0,2,11,all40,120,40,30,10,0.1,W2-KMedoids-R,same-objective one-swap refinement,12,9,3,2,0.9,2.0,8,12.107596522210757,emd_exact,0.35819030000129715,12,5.38289033045237,39.20952895067166,0.005593006518935059,0.005593006518935059,0.003299409129519431,0.03060523626046796,0.9916666666666667,0.9940476190476191,0.990156672955459,0.10000000000000003
2,0,2,11,all40,120,40,30,10,0.1,MRDS projected,initializer,12,10,2,3,0.9,2.0,8,12.107596522210757,emd_exact,0.35819030000129715,12,7.336779826053492,12.121473850095185,0.02390991938381159,0.02390991938381159,0.009777807520484669,0.13492385040470156,0.8666666666666667,0.873015873015873,0.8500000000000001,0.10000000000000003
2,0,2,11,all40,120,40,30,10,0.1,MRDS-IS-R (proposed),same-objective one-swap refinement,12,10,2,3,0.9,2.0,8,12.107596522210757,emd_exact,0.35819030000129715,12,6.442950547496577,26.163824592140895,0.014039814361337645,0.014039814361337645,0.004289272966039493,0.06748114760861978,0.9416666666666667,0.9027777777777778,0.9261538461538461,0.10000000000000003
2,0,2,11,all40,120,40,30,10,0.1,Best-of-starts-R (diagnostic only),diagnostic oracle over supplied starts; winner=W2-KMedoids,12,9,3,2,0.9,2.0,8,12.107596522210757,emd_exact,0.35819030000129715,12,5.38289033045237,39.20952895067166,0.005593006518935059,0.005593006518935059,0.003299409129519431,0.03060523626046796,0.9916666666666667,0.9940476190476191,0.990156672955459,0.10000000000000003
3,0,3,11,all40,120,40,30,10,0.1,Random,initializer,12,11,1,2,0.9,2.0,8,11.703790405264922,emd_exact,0.37334769999142736,12,6.837454721703397,88.20327344065709,13.964908445635487,13.964908445635487,9.932652890451434,1.5374918346668243,0.9416666666666667,0.95,0.9362428842504744,0.0
3,0,3,11,all40,120,40,30,10,0.1,Random-R,same-objective one-swap refinement,12,12,0,1,0.9,2.0,8,11.703790405264922,emd_exact,0.37334769999142736,12,5.999437990130259,34.82396109883794,0.007475249662398461,0.007475249662398461,0.011331372208347745,0.07057629427938306,0.9416666666666667,0.9375,0.9347775448404378,0.16666666666666669
3,0,3,11,all40,120,40,30,10,0.1,FacilityLocation,initializer,12,9,3,3,0.9,2.0,8,11.703790405264922,emd_exact,0.37334769999142736,12,4.696070597689512,24.499871498963813,0.008845741878341452,0.008845741878341452,0.004942420020112843,0.05244625210857712,0.9833333333333333,0.9875,0.9814757641247298,0.16666666666666663
3,0,3,11,all40,120,40,30,10,0.1,FacilityLocation-R,same-objective one-swap refinement,12,10,2,2,0.9,2.0,8,11.703790405264922,emd_exact,0.37334769999142736,12,4.896916052749617,31.440277282844598,0.005206383145925015,0.005206383145925015,0.002779041281533903,0.021093376558661392,0.975,0.975,0.9720475192173306,0.0
3,0,3,11,all40,120,40,30,10,0.1,W2-KMedoids,initializer,12,9,3,3,0.9,2.0,8,11.703790405264922,emd_exact,0.37334769999142736,12,4.507739172036779,24.499871498963813,0.007100501629456738,0.007100501629456738,0.004476560316616979,0.04600362273253178,0.9833333333333333,0.9875,0.9814757641247298,0.16666666666666663
3,0,3,11,all40,120,40,30,10,0.1,W2-KMedoids-R,same-objective one-swap refinement,12,10,2,2,0.9,2.0,8,11.703790405264922,emd_exact,0.37334769999142736,12,4.729954173439069,31.440277282844598,0.004593741029453604,0.004593741029453604,0.0026615834446774545,0.01902964444448718,0.975,0.975,0.9720475192173306,0.16666666666666663
3,0,3,11,all40,120,40,30,10,0.1,MRDS projected,initializer,12,10,2,2,0.9,2.0,8,11.703790405264922,emd_exact,0.37334769999142736,12,5.31067985710811,13.962309554021402,0.018205409569164485,0.018205409569164485,0.008374813858058636,0.09003905997955086,0.975,0.975,0.9720475192173306,0.0
3,0,3,11,all40,120,40,30,10,0.1,MRDS-IS-R (proposed),same-objective one-swap refinement,12,11,1,2,0.9,2.0,8,11.703790405264922,emd_exact,0.37334769999142736,12,5.374777156310542,19.67308830971879,0.011219045302578357,0.011219045302578357,0.003881052134367208,0.03839953147830377,0.9333333333333333,0.94375,0.9275143461189972,0.16666666666666663
3,0,3,11,all40,120,40,30,10,0.1,Best-of-starts-R (diagnostic only),diagnostic oracle over supplied starts; winner=W2-KMedoids,12,10,2,2,0.9,2.0,8,11.703790405264922,emd_exact,0.37334769999142736,12,4.729954173439069,31.440277282844598,0.004593741029453604,0.004593741029453604,0.0026615834446774545,0.01902964444448718,0.975,0.975,0.9720475192173306,0.16666666666666663
4,1,0,23,all40,120,40,30,10,0.1,Random,initializer,12,8,4,3,0.9,2.0,8,12.323874663641716,emd_exact,0.3741774999652989,12,19.61091192249345,1208.8486229734756,15.03240246139482,15.03240246139482,14.755773794693907,0.3094002425186426,0.9083333333333333,0.86875,0.8899908325693808,0.33333333333333337
4,1,0,23,all40,120,40,30,10,0.1,Random-R,same-objective one-swap refinement,12,8,4,3,0.9,2.0,8,12.323874663641716,emd_exact,0.3741774999652989,12,16.955904709387198,1121.029691289685,13.836043187470343,13.836043187470343,9.686993323554368,1.5424302994663772,0.9083333333333333,0.86875,0.8899908325693808,0.33333333333333337
4,1,0,23,all40,120,40,30,10,0.1,FacilityLocation,initializer,12,10,2,3,0.9,2.0,8,12.323874663641716,emd_exact,0.3741774999652989,12,5.3865898549844475,25.24484407338298,0.013424219287002943,0.013424219287002943,0.007233056445306981,0.08840951104711992,0.9416666666666667,0.93125,0.933957072096863,0.16666666666666669
4,1,0,23,all40,120,40,30,10,0.1,FacilityLocation-R,same-objective one-swap refinement,12,10,2,3,0.9,2.0,8,12.323874663641716,emd_exact,0.3741774999652989,12,5.504302667221153,37.875259510905096,0.007951802576460144,0.007951802576460144,0.00373472407581085,0.03920112864609948,0.9416666666666667,0.93125,0.933957072096863,0.16666666666666669
4,1,0,23,all40,120,40,30,10,0.1,W2-KMedoids,initializer,12,11,1,2,0.9,2.0,8,12.323874663641716,emd_exact,0.3741774999652989,12,5.206514682248102,25.24484407338298,0.012302481310034639,0.012302481310034639,0.006855385119217846,0.07766158328637074,0.9666666666666667,0.9624999999999999,0.9624999999999999,0.33333333333333337
4,1,0,23,all40,120,40,30,10,0.1,W2-KMedoids-R,same-objective one-swap refinement,12,10,2,2,0.9,2.0,8,12.323874663641716,emd_exact,0.3741774999652989,12,5.4305993227572795,37.91690969925597,0.007640410135675777,0.007640410135675777,0.003574960851868752,0.03312587987229665,0.9666666666666667,0.9624999999999999,0.9624999999999999,0.16666666666666669
4,1,0,23,all40,120,40,30,10,0.1,MRDS projected,initializer,12,11,1,2,0.9,2.0,8,12.323874663641716,emd_exact,0.3741774999652989,12,7.144851360981617,15.418380640697986,0.029863017243851372,0.029863017243851372,0.013072016049671585,0.15231478665303622,0.7,0.55,0.4990723562152134,0.33333333333333337
4,1,0,23,all40,120,40,30,10,0.1,MRDS-IS-R (proposed),same-objective one-swap refinement,12,11,1,2,0.9,2.0,8,12.323874663641716,emd_exact,0.3741774999652989,12,6.425344555297428,25.24484407338298,0.023777902975924893,0.023777902975924893,0.005946608767173633,0.08020481304226235,0.925,0.8875,0.9099924993749479,0.16666666666666669
4,1,0,23,all40,120,40,30,10,0.1,Best-of-starts-R (diagnostic only),diagnostic oracle over supplied starts; winner=W2-KMedoids,12,10,2,2,0.9,2.0,8,12.323874663641716,emd_exact,0.3741774999652989,12,5.4305993227572795,37.91690969925597,0.007640410135675777,0.007640410135675777,0.003574960851868752,0.03312587987229665,0.9666666666666667,0.9624999999999999,0.9624999999999999,0.16666666666666669
5,1,1,23,all40,120,40,30,10,0.1,Random,initializer,12,8,4,3,0.9,2.0,8,11.981346321867214,emd_exact,0.38196500000776723,12,7.781236892110979,70.37473786380616,4.107542422904618,4.107542422904618,3.626531590812126,0.2690244215579687,0.9333333333333333,0.91875,0.9240265906932574,0.33333333333333337
5,1,1,23,all40,120,40,30,10,0.1,Random-R,same-objective one-swap refinement,12,8,4,3,0.9,2.0,8,11.981346321867214,emd_exact,0.38196500000776723,12,7.158932573981243,47.74571733126338,0.02450046801615419,0.02450046801615419,0.023724079827759675,0.09750067323553269,0.9333333333333333,0.91875,0.9240265906932574,0.33333333333333337
5,1,1,23,all40,120,40,30,10,0.1,FacilityLocation,initializer,12,8,4,3,0.9,2.0,8,11.981346321867214,emd_exact,0.38196500000776723,12,4.8210261878186635,16.683744559723582,0.017847336432373625,0.017847336432373625,0.008411835368546153,0.09834079898462122,0.925,0.8999999999999999,0.9127272727272727,0.0
5,1,1,23,all40,120,40,30,10,0.1,FacilityLocation-R,same-objective one-swap refinement,12,9,3,3,0.9,2.0,8,11.981346321867214,emd_exact,0.38196500000776723,12,4.897452362710789,23.646069359248337,0.011322643114961914,0.011322643114961914,0.003905606406355798,0.04042273366198579,0.925,0.8999999999999999,0.9127272727272727,0.0
5,1,1,23,all40,120,40,30,10,0.1,W2-KMedoids,initializer,12,8,4,3,0.9,2.0,8,11.981346321867214,emd_exact,0.38196500000776723,12,4.718243879630306,23.646069359248337,0.011148975811109435,0.011148975811109435,0.00633379096607092,0.07342364350383113,0.9416666666666667,0.93125,0.933957072096863,0.16666666666666663
5,1,1,23,all40,120,40,30,10,0.1,W2-KMedoids-R,same-objective one-swap refinement,12,8,4,3,0.9,2.0,8,11.981346321867214,emd_exact,0.38196500000776723,12,4.887172419444152,34.16021913819776,0.007221326740614002,0.007221326740614002,0.003255827144448552,0.02937324753171877,0.95,0.9375,0.9430199430199431,0.16666666666666663
5,1,1,23,all40,120,40,30,10,0.1,MRDS projected,initializer,12,10,2,2,0.9,2.0,8,11.981346321867214,emd_exact,0.38196500000776723,12,6.40105970542632,13.496230489605562,0.023414008726061974,0.023414008726061974,0.01124671115239631,0.13661342460527803,0.975,0.975,0.9720475192173306,0.16666666666666663
5,1,1,23,all40,120,40,30,10,0.1,MRDS-IS-R (proposed),same-objective one-swap refinement,12,11,1,2,0.9,2.0,8,11.981346321867214,emd_exact,0.38196500000776723,12,6.2005298192508445,23.646069359248337,0.01663712819041085,0.01663712819041085,0.005343271347476907,0.0702192877645299,0.975,0.975,0.9720475192173306,0.3333333333333333
5,1,1,23,all40,120,40,30,10,0.1,Best-of-starts-R (diagnostic only),diagnostic oracle over supplied starts; winner=W2-KMedoids,12,8,4,3,0.9,2.0,8,11.981346321867214,emd_exact,0.38196500000776723,12,4.887172419444152,34.16021913819776,0.007221326740614002,0.007221326740614002,0.003255827144448552,0.02937324753171877,0.95,0.9375,0.9430199430199431,0.16666666666666663
6,1,2,23,all40,120,40,30,10,0.1,Random,initializer,12,8,4,3,0.9,2.0,8,11.406286331113014,emd_exact,0.386650100001134,12,17.44365925851103,1128.0631784222076,13.871700233927898,13.871700233927898,10.403131945435122,1.5316444547045436,0.975,0.96875,0.9716958880415127,0.33333333333333337
6,1,2,23,all40,120,40,30,10,0.1,Random-R,same-objective one-swap refinement,12,8,4,3,0.9,2.0,8,11.406286331113014,emd_exact,0.386650100001134,12,17.964160921405696,1128.0631784222076,13.744755330727362,13.744755330727362,9.698071071710588,1.5271518280807068,0.9166666666666666,0.8875,0.9023119505047217,0.33333333333333337
6,1,2,23,all40,120,40,30,10,0.1,FacilityLocation,initializer,12,9,3,3,0.9,2.0,8,11.406286331113014,emd_exact,0.386650100001134,12,4.791132527065775,26.63083582976438,0.019646544832243762,0.019646544832243762,0.007975465834037243,0.08642709221220957,0.9833333333333333,0.975,0.9810066476733144,0.16666666666666663
6,1,2,23,all40,120,40,30,10,0.1,FacilityLocation-R,same-objective one-swap refinement,12,9,3,3,0.9,2.0,8,11.406286331113014,emd_exact,0.386650100001134,12,4.898790398443278,32.676962525216766,0.0122339813471983,0.0122339813471983,0.004776461111093841,0.03798953606206101,0.9833333333333333,0.975,0.9810066476733144,0.16666666666666663
6,1,2,23,all40,120,40,30,10,0.1,W2-KMedoids,initializer,12,10,2,2,0.9,2.0,8,11.406286331113014,emd_exact,0.386650100001134,12,4.695068820942489,26.63083582976438,0.01634565679167154,0.01634565679167154,0.008167978944894608,0.08499554661115838,0.9916666666666667,0.9875,0.9905652960138376,0.0
6,1,2,23,all40,120,40,30,10,0.1,W2-KMedoids-R,same-objective one-swap refinement,12,10,2,2,0.9,2.0,8,11.406286331113014,emd_exact,0.386650100001134,12,4.832791621634734,32.676962525216766,0.012373354418941681,0.012373354418941681,0.00482982553185236,0.03776487099487791,0.9916666666666667,0.9875,0.9905652960138376,0.16666666666666663
6,1,2,23,all40,120,40,30,10,0.1,MRDS projected,initializer,12,10,2,2,0.9,2.0,8,11.406286331113014,emd_exact,0.386650100001134,12,6.701361500297969,12.032952440491467,0.056261189169405514,0.056261189169405514,0.01224607477080964,0.14659230933635325,0.825,0.7375,0.7640228485813279,0.16666666666666663
6,1,2,23,all40,120,40,30,10,0.1,MRDS-IS-R (proposed),same-objective one-swap refinement,12,11,1,2,0.9,2.0,8,11.406286331113014,emd_exact,0.386650100001134,12,5.937022852633827,26.63083582976438,0.03727726021126006,0.03727726021126006,0.005993132877599434,0.07732345571942012,0.9833333333333333,0.9875,0.9814757641247298,0.3333333333333333
6,1,2,23,all40,120,40,30,10,0.1,Best-of-starts-R (diagnostic only),diagnostic oracle over supplied starts; winner=FacilityLocation,12,9,3,3,0.9,2.0,8,11.406286331113014,emd_exact,0.386650100001134,12,4.898790398443278,32.676962525216766,0.0122339813471983,0.0122339813471983,0.004776461111093841,0.03798953606206101,0.9833333333333333,0.975,0.9810066476733144,0.16666666666666663
7,1,3,23,all40,120,40,30,10,0.1,Random,initializer,12,8,4,3,0.9,2.0,8,11.606678430834542,emd_exact,0.35856079997029155,12,17.15377168379992,1149.5589581942227,14.530710643051275,14.530710643051275,10.793472617392572,1.53343107459089,0.9416666666666667,0.9345238095238095,0.9310967106882126,0.2666666666666667
7,1,3,23,all40,120,40,30,10,0.1,Random-R,same-objective one-swap refinement,12,9,3,2,0.9,2.0,8,11.606678430834542,emd_exact,0.35856079997029155,12,16.104264899290083,1096.901245998263,13.840957156241025,13.840957156241025,10.081631743282431,1.5348359862153405,0.9416666666666667,0.9345238095238095,0.9310967106882126,0.2666666666666667
7,1,3,23,all40,120,40,30,10,0.1,FacilityLocation,initializer,12,9,3,3,0.9,2.0,8,11.606678430834542,emd_exact,0.35856079997029155,12,4.651581985392892,14.883673248377555,0.011401761697195242,0.011401761697195242,0.006503851864055553,0.07809107287177919,0.9583333333333334,0.9464285714285714,0.9499958329860821,0.06666666666666665
7,1,3,23,all40,120,40,30,10,0.1,FacilityLocation-R,same-objective one-swap refinement,12,8,4,3,0.9,2.0,8,11.606678430834542,emd_exact,0.35856079997029155,12,4.823841646019813,29.6689000900772,0.007878513348135715,0.007878513348135715,0.0034266119297507625,0.036448929687451836,0.9583333333333334,0.9464285714285714,0.9499958329860821,0.06666666666666665
7,1,3,23,all40,120,40,30,10,0.1,W2-KMedoids,initializer,12,10,2,3,0.9,2.0,8,11.606678430834542,emd_exact,0.35856079997029155,12,4.620380972246674,14.883673248377555,0.01148562494010733,0.01148562494010733,0.0067472151034859125,0.0790648592588582,0.975,0.9662698412698413,0.9699974997916493,0.06666666666666665
7,1,3,23,all40,120,40,30,10,0.1,W2-KMedoids-R,same-objective one-swap refinement,12,9,3,3,0.9,2.0,8,11.606678430834542,emd_exact,0.35856079997029155,12,4.790388530767378,29.6689000900772,0.007868093680204134,0.007868093680204134,0.0035329930343940136,0.03745511782997191,0.975,0.9662698412698413,0.9699974997916493,0.06666666666666665
7,1,3,23,all40,120,40,30,10,0.1,MRDS projected,initializer,12,11,1,2,0.9,2.0,8,11.606678430834542,emd_exact,0.35856079997029155,12,5.475891693853557,11.227391713484032,0.018962594364623754,0.018962594364623754,0.008262982411869391,0.11069282723256035,0.9666666666666667,0.9444444444444444,0.9589603283173734,0.23333333333333328
7,1,3,23,all40,120,40,30,10,0.1,MRDS-IS-R (proposed),same-objective one-swap refinement,12,10,2,2,0.9,2.0,8,11.606678430834542,emd_exact,0.35856079997029155,12,5.643254570976372,36.97662622206507,0.012496872631489277,0.012496872631489277,0.0042605147575673005,0.05343945679464934,0.9583333333333334,0.9305555555555556,0.948235700112156,0.23333333333333328
7,1,3,23,all40,120,40,30,10,0.1,Best-of-starts-R (diagnostic only),diagnostic oracle over supplied starts; winner=FacilityLocation,12,8,4,3,0.9,2.0,8,11.606678430834542,emd_exact,0.35856079997029155,12,4.823841646019813,29.6689000900772,0.007878513348135715,0.007878513348135715,0.0034266119297507625,0.036448929687451836,0.9583333333333334,0.9464285714285714,0.9499958329860821,0.06666666666666665
8,2,0,37,all40,120,40,30,10,0.1,Random,initializer,12,12,0,1,0.9,2.0,8,11.142431583723578,emd_exact,0.3433934000204317,12,5.733478131907352,57.660729762959754,1.4674433086975855,1.4674433086975855,0.5115686882567824,0.4662008021793753,0.975,0.9625,0.9713170265317504,0.16666666666666669
8,2,0,37,all40,120,40,30,10,0.1,Random-R,same-objective one-swap refinement,12,11,1,2,0.9,2.0,8,11.142431583723578,emd_exact,0.3433934000204317,12,5.313696439167808,18.214176955487797,0.0111122542491067,0.0111122542491067,0.01778888297664753,0.0811456097575165,0.975,0.9625,0.9713170265317504,0.16666666666666669
8,2,0,37,all40,120,40,30,10,0.1,FacilityLocation,initializer,12,11,1,2,0.9,2.0,8,11.142431583723578,emd_exact,0.3433934000204317,12,4.267320186918439,15.621674433117226,0.010159097411616759,0.010159097411616759,0.0035367457303630296,0.02687138043514481,0.9583333333333334,0.95,0.9528264800691879,0.16666666666666663
8,2,0,37,all40,120,40,30,10,0.1,FacilityLocation-R,same-objective one-swap refinement,12,11,1,2,0.9,2.0,8,11.142431583723578,emd_exact,0.3433934000204317,12,4.35618949479412,15.621674433117226,0.008029326759904918,0.008029326759904918,0.0016531606546924629,0.013437021434197893,0.9583333333333334,0.95,0.9528264800691879,0.16666666666666663
8,2,0,37,all40,120,40,30,10,0.1,W2-KMedoids,initializer,12,11,1,2,0.9,2.0,8,11.142431583723578,emd_exact,0.3433934000204317,12,4.17878877076356,10.907944456068495,0.005155702451451936,0.005155702451451936,0.0027318589531395805,0.026775092966186076,0.975,0.96875,0.9716958880415127,0.0
8,2,0,37,all40,120,40,30,10,0.1,W2-KMedoids-R,same-objective one-swap refinement,12,11,1,2,0.9,2.0,8,11.142431583723578,emd_exact,0.3433934000204317,12,4.3058873132887205,10.907944456068495,0.004133980283036149,0.004133980283036149,0.0016466691339475984,0.01579073848830026,0.9666666666666667,0.95625,0.9620132953466287,0.0
8,2,0,37,all40,120,40,30,10,0.1,MRDS projected,initializer,12,10,2,2,0.9,2.0,8,11.142431583723578,emd_exact,0.3433934000204317,12,5.771969361110928,11.904423877967627,0.010427588931776779,0.010427588931776779,0.003926270440476715,0.0582687350688752,0.925,0.8999999999999999,0.9127272727272727,0.16666666666666663
8,2,0,37,all40,120,40,30,10,0.1,MRDS-IS-R (proposed),same-objective one-swap refinement,12,10,2,2,0.9,2.0,8,11.142431583723578,emd_exact,0.3433934000204317,12,5.457353518433294,14.208496916090102,0.007479725809938056,0.007479725809938056,0.002025032541324094,0.03172551723630679,0.95,0.9375,0.9430199430199431,0.16666666666666663
8,2,0,37,all40,120,40,30,10,0.1,Best-of-starts-R (diagnostic only),diagnostic oracle over supplied starts; winner=W2-KMedoids,12,11,1,2,0.9,2.0,8,11.142431583723578,emd_exact,0.3433934000204317,12,4.3058873132887205,10.907944456068495,0.004133980283036149,0.004133980283036149,0.0016466691339475984,0.01579073848830026,0.9666666666666667,0.95625,0.9620132953466287,0.0
9,2,1,37,all40,120,40,30,10,0.1,Random,initializer,12,12,0,1,0.9,2.0,8,11.730644906811234,emd_exact,0.35524900001473725,12,16.9038218521464,1092.5224738535221,14.676636063572861,14.676636063572861,13.45511837859155,1.1866071515069172,0.9666666666666667,0.95,0.9614890885750962,0.16666666666666669
9,2,1,37,all40,120,40,30,10,0.1,Random-R,same-objective one-swap refinement,12,12,0,1,0.9,2.0,8,11.730644906811234,emd_exact,0.35524900001473725,12,15.406070292421187,1020.8011559392431,13.903074244747682,13.903074244747682,9.756694178219647,1.526170347916731,0.9666666666666667,0.95,0.9614890885750962,0.16666666666666669
9,2,1,37,all40,120,40,30,10,0.1,FacilityLocation,initializer,12,8,4,3,0.9,2.0,8,11.730644906811234,emd_exact,0.35524900001473725,12,4.872030691720568,22.851403733248628,0.018909409360045204,0.018909409360045204,0.008745376792452188,0.10322816761667675,0.9583333333333334,0.9375,0.9515151515151515,0.0
9,2,1,37,all40,120,40,30,10,0.1,FacilityLocation-R,same-objective one-swap refinement,12,8,4,3,0.9,2.0,8,11.730644906811234,emd_exact,0.35524900001473725,12,5.020898178337976,34.27086872551034,0.012193453136135082,0.012193453136135082,0.004322266538771505,0.04346302883764264,0.9583333333333334,0.9375,0.9515151515151515,0.0
9,2,1,37,all40,120,40,30,10,0.1,W2-KMedoids,initializer,12,8,4,3,0.9,2.0,8,11.730644906811234,emd_exact,0.35524900001473725,12,4.7963208666539,22.851403733248628,0.01655564177921355,0.01655564177921355,0.008466053874434809,0.09588645699933318,0.9833333333333333,0.975,0.9810066476733144,0.0
9,2,1,37,all40,120,40,30,10,0.1,W2-KMedoids-R,same-objective one-swap refinement,12,7,5,3,0.9,2.0,8,11.730644906811234,emd_exact,0.35524900001473725,12,5.002057159249512,34.2658111317861,0.011032834767593609,0.011032834767593609,0.004223869296674714,0.03994644171983475,0.95,0.95625,0.945054945054945,0.16666666666666663
9,2,1,37,all40,120,40,30,10,0.1,MRDS projected,initializer,12,10,2,2,0.9,2.0,8,11.730644906811234,emd_exact,0.35524900001473725,12,6.56319887124573,13.36741415499344,0.03448633720760824,0.03448633720760824,0.014513808552508608,0.15941115904255687,0.7666666666666667,0.65,0.6563011456628478,0.0
9,2,1,37,all40,120,40,30,10,0.1,MRDS-IS-R (proposed),same-objective one-swap refinement,12,10,2,2,0.9,2.0,8,11.730644906811234,emd_exact,0.35524900001473725,12,5.822075842890653,15.053873183964445,0.027361159017945377,0.027361159017945377,0.006102214601072998,0.07199320976672319,0.9666666666666667,0.95,0.9614890885750962,0.0
9,2,1,37,all40,120,40,30,10,0.1,Best-of-starts-R (diagnostic only),diagnostic oracle over supplied starts; winner=W2-KMedoids,12,7,5,3,0.9,2.0,8,11.730644906811234,emd_exact,0.35524900001473725,12,5.002057159249512,34.2658111317861,0.011032834767593609,0.011032834767593609,0.004223869296674714,0.03994644171983475,0.95,0.95625,0.945054945054945,0.16666666666666663
10,2,2,37,all40,120,40,30,10,0.1,Random,initializer,12,12,0,1,0.9,2.0,8,12.278647461791781,emd_exact,0.3386365000042133,12,18.04625210592047,1157.580140590691,15.11494821507406,15.11494821507406,10.81390312124712,1.5118714096332475,0.975,0.9583333333333333,0.969488939740656,0.2666666666666667
10,2,2,37,all40,120,40,30,10,0.1,Random-R,same-objective one-swap refinement,12,11,1,2,0.9,2.0,8,12.278647461791781,emd_exact,0.3386365000042133,12,16.63800285398033,1111.008637692378,13.90673559611833,13.90673559611833,9.87415476121449,1.5117263757238641,0.9333333333333333,0.8888888888888888,0.9147727272727273,0.43333333333333335
10,2,2,37,all40,120,40,30,10,0.1,FacilityLocation,initializer,12,9,3,3,0.9,2.0,8,12.278647461791781,emd_exact,0.3386365000042133,12,5.532350491679529,37.52281148631758,0.01465487668421639,0.01465487668421639,0.007285532051988018,0.0642712345234897,0.975,0.9742063492063492,0.9704700188663768,0.06666666666666665
10,2,2,37,all40,120,40,30,10,0.1,FacilityLocation-R,same-objective one-swap refinement,12,9,3,3,0.9,2.0,8,12.278647461791781,emd_exact,0.3386365000042133,12,5.659637840374655,37.52281148631758,0.011422843391898632,0.011422843391898632,0.004779277555899148,0.03040652202401284,0.975,0.9742063492063492,0.9704700188663768,0.23333333333333328
10,2,2,37,all40,120,40,30,10,0.1,W2-KMedoids,initializer,12,9,3,3,0.9,2.0,8,12.278647461791781,emd_exact,0.3386365000042133,12,5.403804968831427,32.16894605682405,0.017869356612627115,0.017869356612627115,0.008262219297811497,0.08214167481359225,0.975,0.9742063492063492,0.9704700188663768,0.06666666666666665
10,2,2,37,all40,120,40,30,10,0.1,W2-KMedoids-R,same-objective one-swap refinement,12,9,3,3,0.9,2.0,8,12.278647461791781,emd_exact,0.3386365000042133,12,5.606076391907424,37.59129897043622,0.012876649570551095,0.012876649570551095,0.0045452642721279255,0.032591249304743664,0.925,0.9464285714285714,0.9161425576519916,0.23333333333333328
10,2,2,37,all40,120,40,30,10,0.1,MRDS projected,initializer,12,10,2,2,0.9,2.0,8,12.278647461791781,emd_exact,0.3386365000042133,12,6.991203912999864,14.44603578442003,0.07289443303607254,0.07289443303607254,0.013866705460192592,0.13847620120224435,0.7833333333333333,0.6547619047619048,0.671578947368421,0.06666666666666665
10,2,2,37,all40,120,40,30,10,0.1,MRDS-IS-R (proposed),same-objective one-swap refinement,12,11,1,2,0.9,2.0,8,12.278647461791781,emd_exact,0.3386365000042133,12,6.448902396070633,25.93081330579689,0.04253364961926824,0.04253364961926824,0.006144681750416869,0.06754751979607121,0.9083333333333333,0.9107142857142857,0.894829097283085,0.23333333333333328
10,2,2,37,all40,120,40,30,10,0.1,Best-of-starts-R (diagnostic only),diagnostic oracle over supplied starts; winner=W2-KMedoids,12,9,3,3,0.9,2.0,8,12.278647461791781,emd_exact,0.3386365000042133,12,5.606076391907424,37.59129897043622,0.012876649570551095,0.012876649570551095,0.0045452642721279255,0.032591249304743664,0.925,0.9464285714285714,0.9161425576519916,0.23333333333333328
11,2,3,37,all40,120,40,30,10,0.1,Random,initializer,12,12,0,1,0.9,2.0,8,11.929518439433743,emd_exact,0.3470970999915153,12,18.954776696324863,1148.359192764265,15.120941708745486,15.120941708745486,14.893549142979444,0.256641764145188,0.9,0.8625,0.8809523809523809,0.16666666666666669
11,2,3,37,all40,120,40,30,10,0.1,Random-R,same-objective one-swap refinement,12,12,0,1,0.9,2.0,8,11.929518439433743,emd_exact,0.3470970999915153,12,16.76175595509293,1074.0443793688046,13.91682192377894,13.91682192377894,9.903575259817856,1.5301008784660024,0.9,0.8625,0.8809523809523809,0.33333333333333337
11,2,3,37,all40,120,40,30,10,0.1,FacilityLocation,initializer,12,10,2,2,0.9,2.0,8,11.929518439433743,emd_exact,0.3470970999915153,12,5.266623259168002,30.94234486579985,0.017460163022535384,0.017460163022535384,0.008834433628070348,0.1041859267002716,0.925,0.90625,0.9139510795952513,0.0
11,2,3,37,all40,120,40,30,10,0.1,FacilityLocation-R,same-objective one-swap refinement,12,10,2,2,0.9,2.0,8,11.929518439433743,emd_exact,0.3470970999915153,12,5.425324410106834,35.94696013030339,0.011497317544623943,0.011497317544623943,0.004738447934305447,0.045215387878750346,0.925,0.90625,0.9139510795952513,0.0
11,2,3,37,all40,120,40,30,10,0.1,W2-KMedoids,initializer,12,10,2,2,0.9,2.0,8,11.929518439433743,emd_exact,0.3470970999915153,12,5.256947342918725,30.94234486579985,0.01527194181246769,0.01527194181246769,0.008402406076355236,0.09831240341208514,0.925,0.90625,0.9139510795952513,0.0
11,2,3,37,all40,120,40,30,10,0.1,W2-KMedoids-R,same-objective one-swap refinement,12,9,3,2,0.9,2.0,8,11.929518439433743,emd_exact,0.3470970999915153,12,5.531439546578209,35.94696013030339,0.010249491760472294,0.010249491760472294,0.004623370967002169,0.042322579294815976,0.925,0.90625,0.9139510795952513,0.0
11,2,3,37,all40,120,40,30,10,0.1,MRDS projected,initializer,12,10,2,2,0.9,2.0,8,11.929518439433743,emd_exact,0.3470970999915153,12,6.4810083085285255,11.615927433387878,0.03318941149458684,0.03318941149458684,0.011592574172532217,0.1337849635948929,0.7666666666666667,0.65,0.6563011456628478,0.16666666666666669
11,2,3,37,all40,120,40,30,10,0.1,MRDS-IS-R (proposed),same-objective one-swap refinement,12,10,2,2,0.9,2.0,8,11.929518439433743,emd_exact,0.3470970999915153,12,6.263432836957582,35.99675063124638,0.02095323024991992,0.02095323024991992,0.005405647183888528,0.06256577673012931,0.7666666666666667,0.65,0.6563011456628478,0.16666666666666669
11,2,3,37,all40,120,40,30,10,0.1,Best-of-starts-R (diagnostic only),diagnostic oracle over supplied starts; winner=W2-KMedoids,12,9,3,2,0.9,2.0,8,11.929518439433743,emd_exact,0.3470970999915153,12,5.531439546578209,35.94696013030339,0.010249491760472294,0.010249491760472294,0.004623370967002169,0.042322579294815976,0.925,0.90625,0.9139510795952513,0.0
12,3,0,53,all40,120,40,30,10,0.1,Random,initializer,12,10,2,2,0.9,2.0,8,11.452791551935132,emd_exact,0.3748153999913484,12,17.441134440933272,1187.2278540518364,14.51906444636897,14.51906444636897,13.88050237377308,0.9348105025781471,0.95,0.9375,0.9430199430199431,0.0
12,3,0,53,all40,120,40,30,10,0.1,Random-R,same-objective one-swap refinement,12,11,1,2,0.9,2.0,8,11.452791551935132,emd_exact,0.3748153999913484,12,15.53833819103143,1106.3460321420173,13.784944712119175,13.784944712119175,9.871862594816585,1.52916213169759,0.95,0.9375,0.9430199430199431,0.16666666666666669
12,3,0,53,all40,120,40,30,10,0.1,FacilityLocation,initializer,12,10,2,3,0.9,2.0,8,11.452791551935132,emd_exact,0.3748153999913484,12,4.669709696660785,15.755529054811452,0.012512775099002175,0.012512775099002175,0.0064984477475658236,0.0724087482447704,0.9083333333333333,0.875,0.8917234025100484,0.0
12,3,0,53,all40,120,40,30,10,0.1,FacilityLocation-R,same-objective one-swap refinement,12,9,3,3,0.9,2.0,8,11.452791551935132,emd_exact,0.3748153999913484,12,4.84357847142663,29.836895622979767,0.008719228334450754,0.008719228334450754,0.003466763682254393,0.033009782095717366,0.9083333333333333,0.875,0.8917234025100484,0.0
12,3,0,53,all40,120,40,30,10,0.1,W2-KMedoids,initializer,12,10,2,3,0.9,2.0,8,11.452791551935132,emd_exact,0.3748153999913484,12,4.657485068363177,15.755529054811452,0.011633572272432125,0.011633572272432125,0.006308853677100342,0.06667508140206557,0.9083333333333333,0.875,0.8917234025100484,0.0
12,3,0,53,all40,120,40,30,10,0.1,W2-KMedoids-R,same-objective one-swap refinement,12,9,3,3,0.9,2.0,8,11.452791551935132,emd_exact,0.3748153999913484,12,4.831353843129022,29.836895622979767,0.008213192423566603,0.008213192423566603,0.0033930884010226004,0.030089804848669965,0.9083333333333333,0.875,0.8917234025100484,0.0
12,3,0,53,all40,120,40,30,10,0.1,MRDS projected,initializer,12,9,3,3,0.9,2.0,8,11.452791551935132,emd_exact,0.3748153999913484,12,6.273806091817736,11.926113028080254,0.0226572916390713,0.0226572916390713,0.009793693982197314,0.12852761812711644,0.825,0.75,0.7740112994350282,0.16666666666666663
12,3,0,53,all40,120,40,30,10,0.1,MRDS-IS-R (proposed),same-objective one-swap refinement,12,9,3,3,0.9,2.0,8,11.452791551935132,emd_exact,0.3748153999913484,12,5.6688432917558655,37.618318420261616,0.01742876721525953,0.01742876721525953,0.00472606867030184,0.06258426615014512,0.9416666666666667,0.94375,0.9355383316706316,0.3333333333333333
12,3,0,53,all40,120,40,30,10,0.1,Best-of-starts-R (diagnostic only),diagnostic oracle over supplied starts; winner=W2-KMedoids,12,9,3,3,0.9,2.0,8,11.452791551935132,emd_exact,0.3748153999913484,12,4.831353843129022,29.836895622979767,0.008213192423566603,0.008213192423566603,0.0033930884010226004,0.030089804848669965,0.9083333333333333,0.875,0.8917234025100484,0.0
13,3,1,53,all40,120,40,30,10,0.1,Random,initializer,12,10,2,2,0.9,2.0,8,12.030069815391197,emd_exact,0.3417773999972269,12,7.160138649545839,104.85065080760306,13.807179911431778,13.807179911431778,13.097169534391643,0.8445878350579342,0.975,0.975,0.9720475192173306,0.0
13,3,1,53,all40,120,40,30,10,0.1,Random-R,same-objective one-swap refinement,12,11,1,2,0.9,2.0,8,12.030069815391197,emd_exact,0.3417773999972269,12,6.3347071674783235,61.94538091924448,0.7207894448368262,0.7207894448368262,0.4827765843782566,0.5439292226111996,0.975,0.975,0.9720475192173306,0.16666666666666669
13,3,1,53,all40,120,40,30,10,0.1,FacilityLocation,initializer,12,8,4,3,0.9,2.0,8,12.030069815391197,emd_exact,0.3417773999972269,12,4.980409386101767,20.85234954143311,0.011881383372959839,0.011881383372959839,0.0064765100139510135,0.06909813249283636,0.9666666666666667,0.9624999999999999,0.9624999999999999,0.0
13,3,1,53,all40,120,40,30,10,0.1,FacilityLocation-R,same-objective one-swap refinement,12,8,4,3,0.9,2.0,8,12.030069815391197,emd_exact,0.3417773999972269,12,5.04449347941925,29.987950282160302,0.008016924392921985,0.008016924392921985,0.0031532034864316925,0.02838225076615053,0.975,0.975,0.9720475192173306,0.16666666666666663
13,3,1,53,all40,120,40,30,10,0.1,W2-KMedoids,initializer,12,10,2,2,0.9,2.0,8,12.030069815391197,emd_exact,0.3417773999972269,12,4.816866882099865,20.85234954143311,0.012285516106685707,0.012285516106685707,0.006491415741818384,0.07194200358906122,0.9833333333333333,0.98125,0.98125,0.0
13,3,1,53,all40,120,40,30,10,0.1,W2-KMedoids-R,same-objective one-swap refinement,12,10,2,2,0.9,2.0,8,12.030069815391197,emd_exact,0.3417773999972269,12,4.927546545912488,29.82043887901548,0.007737487188620748,0.007737487188620748,0.003106826445830521,0.028758269636682376,0.9833333333333333,0.98125,0.98125,0.16666666666666663
13,3,1,53,all40,120,40,30,10,0.1,MRDS projected,initializer,12,10,2,2,0.9,2.0,8,12.030069815391197,emd_exact,0.3417773999972269,12,5.8456595021521505,14.845371081534507,0.023267099516631164,0.023267099516631164,0.010893877860065721,0.1267510057239436,0.9666666666666667,0.975,0.9633699633699633,0.16666666666666663
13,3,1,53,all40,120,40,30,10,0.1,MRDS-IS-R (proposed),same-objective one-swap refinement,12,11,1,2,0.9,2.0,8,12.030069815391197,emd_exact,0.3417773999972269,12,5.627806083263107,20.85234954143311,0.0142432679088585,0.0142432679088585,0.004912433095479105,0.06082325846438341,0.825,0.86875,0.8205000356150723,0.3333333333333333
13,3,1,53,all40,120,40,30,10,0.1,Best-of-starts-R (diagnostic only),diagnostic oracle over supplied starts; winner=W2-KMedoids,12,10,2,2,0.9,2.0,8,12.030069815391197,emd_exact,0.3417773999972269,12,4.927546545912488,29.82043887901548,0.007737487188620748,0.007737487188620748,0.003106826445830521,0.028758269636682376,0.9833333333333333,0.98125,0.98125,0.16666666666666663
14,3,2,53,all40,120,40,30,10,0.1,Random,initializer,12,10,2,2,0.9,2.0,8,11.745920369331998,emd_exact,0.3877049000002444,12,16.092842442568056,1029.449774614167,13.617507680358617,13.617507680358617,9.768988159620502,1.529391325645854,0.925,0.90625,0.9139510795952513,0.0
14,3,2,53,all40,120,40,30,10,0.1,Random-R,same-objective one-swap refinement,12,9,3,2,0.9,2.0,8,11.745920369331998,emd_exact,0.3877049000002444,12,7.819426400273907,65.93423341041056,3.9943147303288864,3.9943147303288864,2.1719353310757223,0.3991857637116638,0.925,0.90625,0.9139510795952513,0.0
14,3,2,53,all40,120,40,30,10,0.1,FacilityLocation,initializer,12,8,4,3,0.9,2.0,8,11.745920369331998,emd_exact,0.3877049000002444,12,5.0636045304076704,29.91417143524647,0.011331886261266784,0.011331886261266784,0.006643692480157636,0.06851018097637651,0.9583333333333334,0.95,0.9528264800691879,0.0
14,3,2,53,all40,120,40,30,10,0.1,FacilityLocation-R,same-objective one-swap refinement,12,8,4,3,0.9,2.0,8,11.745920369331998,emd_exact,0.3877049000002444,12,5.2620881637432735,29.91417143524647,0.009133413777181187,0.009133413777181187,0.0043584300223936355,0.035425038684559707,0.975,0.975,0.9720475192173306,0.16666666666666663
14,3,2,53,all40,120,40,30,10,0.1,W2-KMedoids,initializer,12,8,4,3,0.9,2.0,8,11.745920369331998,emd_exact,0.3877049000002444,12,5.030704378323164,29.91417143524647,0.011556144356310548,0.011556144356310548,0.006634203847291208,0.07071431064016265,0.9583333333333334,0.95,0.9528264800691879,0.0
14,3,2,53,all40,120,40,30,10,0.1,W2-KMedoids-R,same-objective one-swap refinement,12,8,4,3,0.9,2.0,8,11.745920369331998,emd_exact,0.3877049000002444,12,5.209696000838064,29.91417143524647,0.009587441744304603,0.009587441744304603,0.004352819799050171,0.03616938427663452,0.975,0.975,0.9720475192173306,0.16666666666666663
14,3,2,53,all40,120,40,30,10,0.1,MRDS projected,initializer,12,9,3,3,0.9,2.0,8,11.745920369331998,emd_exact,0.3877049000002444,12,5.698586872863088,11.229523777687275,0.02903297104296263,0.02903297104296263,0.011944395229641903,0.1285017784746072,0.925,0.8999999999999999,0.9127272727272727,0.0
14,3,2,53,all40,120,40,30,10,0.1,MRDS-IS-R (proposed),same-objective one-swap refinement,12,9,3,3,0.9,2.0,8,11.745920369331998,emd_exact,0.3877049000002444,12,5.414530564508983,24.128873952770114,0.017508034425244526,0.017508034425244526,0.005262746158298822,0.05848068205200241,0.925,0.8999999999999999,0.9127272727272727,0.0
14,3,2,53,all40,120,40,30,10,0.1,Best-of-starts-R (diagnostic only),diagnostic oracle over supplied starts; winner=W2-KMedoids,12,8,4,3,0.9,2.0,8,11.745920369331998,emd_exact,0.3877049000002444,12,5.209696000838064,29.91417143524647,0.009587441744304603,0.009587441744304603,0.004352819799050171,0.03616938427663452,0.975,0.975,0.9720475192173306,0.16666666666666663
15,3,3,53,all40,120,40,30,10,0.1,Random,initializer,12,10,2,2,0.9,2.0,8,12.202275799557313,emd_exact,0.35619390005012974,12,9.583567323116513,184.38304978830578,14.572476608134451,14.572476608134451,10.34927229258228,1.5550609457494058,0.975,0.9662698412698413,0.9699974997916493,0.2666666666666667
15,3,3,53,all40,120,40,30,10,0.1,Random-R,same-objective one-swap refinement,12,10,2,2,0.9,2.0,8,12.202275799557313,emd_exact,0.35619390005012974,12,7.163443831095868,68.10508467857997,3.0050732833491156,3.0050732833491156,2.5524559941070617,0.2925244025111231,0.975,0.9662698412698413,0.9699974997916493,0.2666666666666667
15,3,3,53,all40,120,40,30,10,0.1,FacilityLocation,initializer,12,11,1,2,0.9,2.0,8,12.202275799557313,emd_exact,0.35619390005012974,12,5.121949438558278,28.9230196797023,0.012855007733034916,0.012855007733034916,0.006158070778382469,0.07413948090426281,0.9666666666666667,0.9444444444444444,0.9589603283173734,0.10000000000000003
15,3,3,53,all40,120,40,30,10,0.1,FacilityLocation-R,same-objective one-swap refinement,12,10,2,2,0.9,2.0,8,12.202275799557313,emd_exact,0.35619390005012974,12,5.325314229613413,34.68446977928738,0.009019938610638746,0.009019938610638746,0.0035884695028988818,0.03644724058501836,0.9666666666666667,0.9444444444444444,0.9589603283173734,0.10000000000000003
15,3,3,53,all40,120,40,30,10,0.1,W2-KMedoids,initializer,12,10,2,2,0.9,2.0,8,12.202275799557313,emd_exact,0.35619390005012974,12,4.960405351309591,20.247414256841605,0.014945684516135132,0.014945684516135132,0.008453182651045244,0.09863055726184633,0.9833333333333333,0.9722222222222222,0.9798319327731093,0.2666666666666667
15,3,3,53,all40,120,40,30,10,0.1,W2-KMedoids-R,same-objective one-swap refinement,12,10,2,2,0.9,2.0,8,12.202275799557313,emd_exact,0.35619390005012974,12,5.110726198053532,28.9230196797023,0.01034461377196546,0.01034461377196546,0.004432902875379244,0.04356463028326463,0.9833333333333333,0.9722222222222222,0.9798319327731093,0.10000000000000003
15,3,3,53,all40,120,40,30,10,0.1,MRDS projected,initializer,12,9,3,3,0.9,2.0,8,12.202275799557313,emd_exact,0.35619390005012974,12,7.002727536961947,12.443260010580119,0.03198400473053831,0.03198400473053831,0.012212625960159793,0.15608865650166748,0.9583333333333334,0.9464285714285714,0.9499958329860821,0.10000000000000003
15,3,3,53,all40,120,40,30,10,0.1,MRDS-IS-R (proposed),same-objective one-swap refinement,12,10,2,2,0.9,2.0,8,12.202275799557313,emd_exact,0.35619390005012974,12,6.6525791199725175,12.443260010580119,0.02926767438592198,0.02926767438592198,0.005518645813265331,0.07553150809599718,0.7916666666666666,0.8511904761904762,0.7837214332059693,0.06666666666666665
15,3,3,53,all40,120,40,30,10,0.1,Best-of-starts-R (diagnostic only),diagnostic oracle over supplied starts; winner=FacilityLocation,12,10,2,2,0.9,2.0,8,12.202275799557313,emd_exact,0.35619390005012974,12,5.325314229613413,34.68446977928738,0.009019938610638746,0.009019938610638746,0.0035884695028988818,0.03644724058501836,0.9666666666666667,0.9444444444444444,0.9589603283173734,0.10000000000000003
16,4,0,71,all40,120,40,30,10,0.1,Random,initializer,12,10,2,2,0.9,2.0,8,11.664047352415544,emd_exact,0.9537130999960937,12,18.176011261791647,1114.3796380204303,15.035678317359427,15.035678317359427,13.748548893196704,1.2402438388246828,0.825,0.75,0.7740112994350282,0.16666666666666669
16,4,0,71,all40,120,40,30,10,0.1,Random-R,same-objective one-swap refinement,12,10,2,2,0.9,2.0,8,11.664047352415544,emd_exact,0.9537130999960937,12,15.882365358656658,1047.2895542433926,13.867868761517888,13.867868761517888,9.802265502612618,1.5216662974193513,0.8166666666666667,0.7375,0.7607828923523016,0.33333333333333337
16,4,0,71,all40,120,40,30,10,0.1,FacilityLocation,initializer,12,8,4,3,0.9,2.0,8,11.664047352415544,emd_exact,0.9537130999960937,12,5.1079495065709875,30.10823132280994,0.013545762798188627,0.013545762798188627,0.007099779318276548,0.07129248195512916,0.925,0.8999999999999999,0.9127272727272727,0.0
16,4,0,71,all40,120,40,30,10,0.1,FacilityLocation-R,same-objective one-swap refinement,12,8,4,3,0.9,2.0,8,11.664047352415544,emd_exact,0.9537130999960937,12,5.258403398199241,30.10823132280994,0.009996990757432858,0.009996990757432858,0.004428564610020741,0.032358213632965205,0.9666666666666667,0.9624999999999999,0.9624999999999999,0.16666666666666663
16,4,0,71,all40,120,40,30,10,0.1,W2-KMedoids,initializer,12,8,4,3,0.9,2.0,8,11.664047352415544,emd_exact,0.9537130999960937,12,5.0842688789398345,30.10823132280994,0.01316158610562806,0.01316158610562806,0.007062885322746296,0.06877838261597624,0.9583333333333334,0.95,0.9528264800691879,0.0
16,4,0,71,all40,120,40,30,10,0.1,W2-KMedoids-R,same-objective one-swap refinement,12,7,5,3,0.9,2.0,8,11.664047352415544,emd_exact,0.9537130999960937,12,5.310093138934032,30.10823132280994,0.009303896162796116,0.009303896162796116,0.004486836046845814,0.031245388024719545,0.9666666666666667,0.9624999999999999,0.9624999999999999,0.16666666666666663
16,4,0,71,all40,120,40,30,10,0.1,MRDS projected,initializer,12,10,2,2,0.9,2.0,8,11.664047352415544,emd_exact,0.9537130999960937,12,6.038152052639012,18.217592325683274,0.029844893898836513,0.029844893898836513,0.01011236564585122,0.10771695190971076,0.925,0.8999999999999999,0.9127272727272727,0.16666666666666669
16,4,0,71,all40,120,40,30,10,0.1,MRDS-IS-R (proposed),same-objective one-swap refinement,12,11,1,2,0.9,2.0,8,11.664047352415544,emd_exact,0.9537130999960937,12,5.706893140957311,24.263197539485382,0.01930804998666294,0.01930804998666294,0.004727753044269376,0.04407763096446493,0.925,0.8875,0.9099924993749479,0.16666666666666669
16,4,0,71,all40,120,40,30,10,0.1,Best-of-starts-R (diagnostic only),diagnostic oracle over supplied starts; winner=FacilityLocation,12,8,4,3,0.9,2.0,8,11.664047352415544,emd_exact,0.9537130999960937,12,5.258403398199241,30.10823132280994,0.009996990757432858,0.009996990757432858,0.004428564610020741,0.032358213632965205,0.9666666666666667,0.9624999999999999,0.9624999999999999,0.16666666666666663
17,4,1,71,all40,120,40,30,10,0.1,Random,initializer,12,10,2,2,0.9,2.0,8,11.402503323383664,emd_exact,0.8915271000005305,12,7.710052834742681,150.64044428443015,13.90744339608727,13.90744339608727,13.087552817498183,1.022533668520094,0.9666666666666667,0.95,0.9614890885750962,0.16666666666666669
17,4,1,71,all40,120,40,30,10,0.1,Random-R,same-objective one-swap refinement,12,11,1,2,0.9,2.0,8,11.402503323383664,emd_exact,0.8915271000005305,12,6.535775546247737,73.59513089496734,7.8924878142199,7.8924878142199,6.287329369921327,1.0343715923119308,0.975,0.9625,0.9713170265317504,0.16666666666666669
17,4,1,71,all40,120,40,30,10,0.1,FacilityLocation,initializer,12,11,1,2,0.9,2.0,8,11.402503323383664,emd_exact,0.8915271000005305,12,4.64449985791798,18.70806997698032,0.01074107811103341,0.01074107811103341,0.006530321534455063,0.0817825288389663,0.95,0.925,0.9413871703028329,0.0
17,4,1,71,all40,120,40,30,10,0.1,FacilityLocation-R,same-objective one-swap refinement,12,10,2,2,0.9,2.0,8,11.402503323383664,emd_exact,0.8915271000005305,12,4.7859548017349285,35.811700062375415,0.0074833470444760795,0.0074833470444760795,0.003577900318424153,0.03569237422835614,0.9666666666666667,0.95,0.9614890885750962,0.16666666666666663
17,4,1,71,all40,120,40,30,10,0.1,W2-KMedoids,initializer,12,11,1,2,0.9,2.0,8,11.402503323383664,emd_exact,0.8915271000005305,12,4.541062911687564,19.535266178695956,0.011765256770928824,0.011765256770928824,0.006609052190513648,0.07798615825034527,0.975,0.9625,0.9713170265317504,0.16666666666666663
17,4,1,71,all40,120,40,30,10,0.1,W2-KMedoids-R,same-objective one-swap refinement,12,10,2,2,0.9,2.0,8,11.402503323383664,emd_exact,0.8915271000005305,12,4.6519967783266605,35.935818026279655,0.007594704988661126,0.007594704988661126,0.003503071231503709,0.03310773757976293,0.975,0.9625,0.9713170265317504,0.16666666666666663
17,4,1,71,all40,120,40,30,10,0.1,MRDS projected,initializer,12,10,2,3,0.9,2.0,8,11.402503323383664,emd_exact,0.8915271000005305,12,5.833547063698645,11.505983520364746,0.02170958490561731,0.02170958490561731,0.008629499826084049,0.11658672074126597,0.9583333333333334,0.9437500000000001,0.9521950442195841,0.3333333333333333
17,4,1,71,all40,120,40,30,10,0.1,MRDS-IS-R (proposed),same-objective one-swap refinement,12,10,2,3,0.9,2.0,8,11.402503323383664,emd_exact,0.8915271000005305,12,5.916118656884379,35.92296840714972,0.017101785510104734,0.017101785510104734,0.004392879379588098,0.054773465621530626,0.975,0.96875,0.9716958880415127,0.5
17,4,1,71,all40,120,40,30,10,0.1,Best-of-starts-R (diagnostic only),diagnostic oracle over supplied starts; winner=W2-KMedoids,12,10,2,2,0.9,2.0,8,11.402503323383664,emd_exact,0.8915271000005305,12,4.6519967783266605,35.935818026279655,0.007594704988661126,0.007594704988661126,0.003503071231503709,0.03310773757976293,0.975,0.9625,0.9713170265317504,0.16666666666666663
18,4,2,71,all40,120,40,30,10,0.1,Random,initializer,12,10,2,2,0.9,2.0,8,12.11156332342416,emd_exact,0.9102253000019118,12,19.04650580862206,1216.2156006381126,15.01035053891666,15.01035053891666,13.94595454924646,1.052244126599467,0.9666666666666667,0.9603174603174602,0.9603174603174602,0.10000000000000003
18,4,2,71,all40,120,40,30,10,0.1,Random-R,same-objective one-swap refinement,12,9,3,3,0.9,2.0,8,12.11156332342416,emd_exact,0.9102253000019118,12,16.32882032149477,1127.8775481116666,13.783983193503579,13.783983193503579,9.701215857408233,1.537463605790601,0.9666666666666667,0.9603174603174602,0.9603174603174602,0.10000000000000003
18,4,2,71,all40,120,40,30,10,0.1,FacilityLocation,initializer,12,10,2,3,0.9,2.0,8,12.11156332342416,emd_exact,0.9102253000019118,12,5.008552054745893,13.977850349835345,0.012935755159929946,0.012935755159929946,0.006959057588025389,0.07688063818029212,0.9666666666666667,0.9682539682539683,0.9609247802018887,0.10000000000000003
18,4,2,71,all40,120,40,30,10,0.1,FacilityLocation-R,same-objective one-swap refinement,12,10,2,3,0.9,2.0,8,12.11156332342416,emd_exact,0.9102253000019118,12,5.136279342442521,38.08680022182309,0.008371190451033642,0.008371190451033642,0.0035643707046524083,0.029876443206648062,0.9666666666666667,0.9682539682539683,0.9609247802018887,0.10000000000000003
18,4,2,71,all40,120,40,30,10,0.1,W2-KMedoids,initializer,12,10,2,3,0.9,2.0,8,12.11156332342416,emd_exact,0.9102253000019118,12,4.928923846354463,17.174970992725772,0.010524884164461403,0.010524884164461403,0.006525619902402177,0.07537909721961555,0.9666666666666667,0.9682539682539683,0.9609247802018887,0.2666666666666667
18,4,2,71,all40,120,40,30,10,0.1,W2-KMedoids-R,same-objective one-swap refinement,12,9,3,3,0.9,2.0,8,12.11156332342416,emd_exact,0.9102253000019118,12,5.10701096011705,30.526281992025872,0.007459485507928809,0.007459485507928809,0.0034910449793474374,0.03575292525909435,0.9666666666666667,0.9682539682539683,0.9609247802018887,0.2666666666666667
18,4,2,71,all40,120,40,30,10,0.1,MRDS projected,initializer,12,10,2,3,0.9,2.0,8,12.11156332342416,emd_exact,0.9102253000019118,12,6.530935808906362,11.323005512347972,0.03139966713360287,0.03139966713360287,0.00942353152321418,0.1294027268104614,0.6833333333333333,0.7579365079365079,0.6789636722050126,0.10000000000000003
18,4,2,71,all40,120,40,30,10,0.1,MRDS-IS-R (proposed),same-objective one-swap refinement,12,9,3,3,0.9,2.0,8,12.11156332342416,emd_exact,0.9102253000019118,12,6.219980122245628,37.31737014673832,0.020299932737568735,0.020299932737568735,0.004355206452926192,0.06481823686418187,0.975,0.9662698412698413,0.9699974997916493,0.10000000000000003
18,4,2,71,all40,120,40,30,10,0.1,Best-of-starts-R (diagnostic only),diagnostic oracle over supplied starts; winner=W2-KMedoids,12,9,3,3,0.9,2.0,8,12.11156332342416,emd_exact,0.9102253000019118,12,5.10701096011705,30.526281992025872,0.007459485507928809,0.007459485507928809,0.0034910449793474374,0.03575292525909435,0.9666666666666667,0.9682539682539683,0.9609247802018887,0.2666666666666667
19,4,3,71,all40,120,40,30,10,0.1,Random,initializer,12,10,2,2,0.9,2.0,8,12.42813526477692,emd_exact,0.8937254999764264,12,18.394304546919845,1228.0154294970828,14.629282725019577,14.629282725019577,14.293706931584033,0.2931515450800415,0.9666666666666667,0.95625,0.9620132953466287,0.16666666666666669
19,4,3,71,all40,120,40,30,10,0.1,Random-R,same-objective one-swap refinement,12,10,2,2,0.9,2.0,8,12.42813526477692,emd_exact,0.8937254999764264,12,17.283398491478398,1148.857692917232,13.875279786414405,13.875279786414405,9.932908791942772,1.533002216871075,0.9083333333333333,0.8625,0.8881261123824052,0.33333333333333337
19,4,3,71,all40,120,40,30,10,0.1,FacilityLocation,initializer,12,9,3,3,0.9,2.0,8,12.42813526477692,emd_exact,0.8937254999764264,12,5.190973500467828,26.556118246405596,0.013105585737544315,0.013105585737544315,0.007520685794382875,0.0856087744976406,0.9583333333333334,0.95,0.9528264800691879,0.0
19,4,3,71,all40,120,40,30,10,0.1,FacilityLocation-R,same-objective one-swap refinement,12,9,3,3,0.9,2.0,8,12.42813526477692,emd_exact,0.8937254999764264,12,5.336452137780879,38.548794892803386,0.009408463688595502,0.009408463688595502,0.004116914334689624,0.0352393808630902,0.975,0.975,0.9720475192173306,0.16666666666666663
19,4,3,71,all40,120,40,30,10,0.1,W2-KMedoids,initializer,12,10,2,3,0.9,2.0,8,12.42813526477692,emd_exact,0.8937254999764264,12,5.090105473652555,26.556118246405596,0.014453223133838167,0.014453223133838167,0.007874042306516012,0.09070821733822598,0.9666666666666667,0.9624999999999999,0.9624999999999999,0.0
19,4,3,71,all40,120,40,30,10,0.1,W2-KMedoids-R,same-objective one-swap refinement,12,10,2,3,0.9,2.0,8,12.42813526477692,emd_exact,0.8937254999764264,12,5.226611656459458,38.4970376815342,0.010197346597887279,0.010197346597887279,0.004133586841319537,0.03743286785762445,0.9833333333333333,0.9875,0.9814757641247298,0.16666666666666663
19,4,3,71,all40,120,40,30,10,0.1,MRDS projected,initializer,12,10,2,2,0.9,2.0,8,12.42813526477692,emd_exact,0.8937254999764264,12,6.85633263002864,17.935742302971967,0.021782295372093044,0.021782295372093044,0.010363274680770695,0.1281386731640658,0.8416666666666667,0.83125,0.8250326145345714,0.0
19,4,3,71,all40,120,40,30,10,0.1,MRDS-IS-R (proposed),same-objective one-swap refinement,12,10,2,2,0.9,2.0,8,12.42813526477692,emd_exact,0.8937254999764264,12,6.60559653831353,26.556118246405596,0.015529502482375878,0.015529502482375878,0.005054067159235982,0.060297816632416956,0.825,0.8187500000000001,0.8087286527514231,0.16666666666666663
19,4,3,71,all40,120,40,30,10,0.1,Best-of-starts-R (diagnostic only),diagnostic oracle over supplied starts; winner=FacilityLocation,12,9,3,3,0.9,2.0,8,12.42813526477692,emd_exact,0.8937254999764264,12,5.336452137780879,38.548794892803386,0.009408463688595502,0.009408463688595502,0.004116914334689624,0.0352393808630902,0.975,0.975,0.9720475192173306,0.16666666666666663
