recording_id,condition_id,repetition,state_from_name,workpiece,length_mm,doc_mm,woc_mm,spindle_rpm,feed_mm_min,global_index,label,path,sha256,n_windows,archive_feature_dimension,missing_values
S_WPA_L36_DOC0.5_WOC1.0_N2700_F270_R1,S_WPA_L36_DOC0.5_WOC1.0_N2700_F270,1,S,A,36.0,0.5,1.0,2700,270,0,0,data/processed_feature_matrices/S_WPA_L36_DOC0.5_WOC1.0_N2700_F270_R1.mat,a441271e4778e4f137ed7a135ce47cd7f0476f3d5973d9747abf7df49de2dcac,350,40,0
S_WPA_L36_DOC0.5_WOC1.0_N2700_F270_R2,S_WPA_L36_DOC0.5_WOC1.0_N2700_F270,2,S,A,36.0,0.5,1.0,2700,270,1,0,data/processed_feature_matrices/S_WPA_L36_DOC0.5_WOC1.0_N2700_F270_R2.mat,962f5e33e3d1606e2eee828506b2dfc444ba68f337e94fa8469accede624d06f,350,40,0
S_WPA_L36_DOC0.5_WOC1.0_N2700_F270_R3,S_WPA_L36_DOC0.5_WOC1.0_N2700_F270,3,S,A,36.0,0.5,1.0,2700,270,2,0,data/processed_feature_matrices/S_WPA_L36_DOC0.5_WOC1.0_N2700_F270_R3.mat,5a2fe03a6540049e686e56352571359f26d3f6a248a588375d9486bdeddd70a7,350,40,0
S_WPA_L36_DOC0.5_WOC1.0_N2700_F270_R4,S_WPA_L36_DOC0.5_WOC1.0_N2700_F270,4,S,A,36.0,0.5,1.0,2700,270,3,0,data/processed_feature_matrices/S_WPA_L36_DOC0.5_WOC1.0_N2700_F270_R4.mat,04edd82feca9ba6918047abfd09a9df7f092f70555eaf1d66f6c970b43b91e5b,350,40,0
S_WPA_L36_DOC0.5_WOC1.0_N3600_F360_R1,S_WPA_L36_DOC0.5_WOC1.0_N3600_F360,1,S,A,36.0,0.5,1.0,3600,360,4,0,data/processed_feature_matrices/S_WPA_L36_DOC0.5_WOC1.0_N3600_F360_R1.mat,f7a9ead78f41e7dbc5b2328734c31ad38b04c0f3e9e84d966d0bcab71e084258,350,40,0
S_WPA_L36_DOC0.5_WOC1.0_N3600_F360_R2,S_WPA_L36_DOC0.5_WOC1.0_N3600_F360,2,S,A,36.0,0.5,1.0,3600,360,5,0,data/processed_feature_matrices/S_WPA_L36_DOC0.5_WOC1.0_N3600_F360_R2.mat,75944e777e23a5383473520eedcfd4d1fc232337451d5ee34ceac15fcbb04980,350,40,0
S_WPA_L36_DOC0.5_WOC1.0_N3600_F360_R3,S_WPA_L36_DOC0.5_WOC1.0_N3600_F360,3,S,A,36.0,0.5,1.0,3600,360,6,0,data/processed_feature_matrices/S_WPA_L36_DOC0.5_WOC1.0_N3600_F360_R3.mat,48bab94a7d740ddaa854f665266a022ca4204cefd561d08974a6a6f532d9f7c3,350,40,0
S_WPA_L36_DOC0.5_WOC1.0_N3600_F360_R4,S_WPA_L36_DOC0.5_WOC1.0_N3600_F360,4,S,A,36.0,0.5,1.0,3600,360,7,0,data/processed_feature_matrices/S_WPA_L36_DOC0.5_WOC1.0_N3600_F360_R4.mat,42dd375c94598c809d4c7d2c57c09af308ae980645902a68a1f0074dfbae7f3c,350,40,0
S_WPA_L36_DOC0.5_WOC2.0_N2700_F270_R1,S_WPA_L36_DOC0.5_WOC2.0_N2700_F270,1,S,A,36.0,0.5,2.0,2700,270,8,0,data/processed_feature_matrices/S_WPA_L36_DOC0.5_WOC2.0_N2700_F270_R1.mat,be414e3151c1913545e584dad0fa05b1a521ba8d77ba8810e694a1858d6eb65c,350,40,0
S_WPA_L36_DOC0.5_WOC2.0_N2700_F270_R2,S_WPA_L36_DOC0.5_WOC2.0_N2700_F270,2,S,A,36.0,0.5,2.0,2700,270,9,0,data/processed_feature_matrices/S_WPA_L36_DOC0.5_WOC2.0_N2700_F270_R2.mat,2c8eb2f4ee8544c9077fa3f7c6981bec4acbd2f2ab205833e8be8e00ce34e8fa,350,40,0
S_WPA_L36_DOC0.5_WOC2.0_N2700_F270_R3,S_WPA_L36_DOC0.5_WOC2.0_N2700_F270,3,S,A,36.0,0.5,2.0,2700,270,10,0,data/processed_feature_matrices/S_WPA_L36_DOC0.5_WOC2.0_N2700_F270_R3.mat,4f1fadc93ded37c42518b298cb1c4e1e8e2a0756c973bdbff0a289331d1ecb7b,350,40,0
S_WPA_L36_DOC0.5_WOC2.0_N2700_F270_R4,S_WPA_L36_DOC0.5_WOC2.0_N2700_F270,4,S,A,36.0,0.5,2.0,2700,270,11,0,data/processed_feature_matrices/S_WPA_L36_DOC0.5_WOC2.0_N2700_F270_R4.mat,79c000e97ef0854a8095c485c4eb4236aeacdee063c376d43bd480d208432af7,350,40,0
S_WPA_L36_DOC1.0_WOC1.0_N1800_F180_R1,S_WPA_L36_DOC1.0_WOC1.0_N1800_F180,1,S,A,36.0,1.0,1.0,1800,180,12,0,data/processed_feature_matrices/S_WPA_L36_DOC1.0_WOC1.0_N1800_F180_R1.mat,ca266bd179502515315f2390b0cf3347134e79d31f8727913dc6ed87ff5567a3,350,40,0
S_WPA_L36_DOC1.0_WOC1.0_N1800_F180_R2,S_WPA_L36_DOC1.0_WOC1.0_N1800_F180,2,S,A,36.0,1.0,1.0,1800,180,13,0,data/processed_feature_matrices/S_WPA_L36_DOC1.0_WOC1.0_N1800_F180_R2.mat,f4a35a859be4ed11e45197c63e62ce3382348ffd90293d18333395d60fcd34c5,350,40,0
S_WPA_L36_DOC1.0_WOC1.0_N1800_F180_R3,S_WPA_L36_DOC1.0_WOC1.0_N1800_F180,3,S,A,36.0,1.0,1.0,1800,180,14,0,data/processed_feature_matrices/S_WPA_L36_DOC1.0_WOC1.0_N1800_F180_R3.mat,97b55d199f53451d5cd474df00b1889d43a66dff14a94b821e925a7f628c88de,350,40,0
S_WPA_L36_DOC1.0_WOC1.0_N1800_F180_R4,S_WPA_L36_DOC1.0_WOC1.0_N1800_F180,4,S,A,36.0,1.0,1.0,1800,180,15,0,data/processed_feature_matrices/S_WPA_L36_DOC1.0_WOC1.0_N1800_F180_R4.mat,5620fa54a22a233cab1feff6587539900cba2441123e071bf1fdd53a09d9ca18,350,40,0
S_WPA_L36_DOC1.0_WOC1.0_N2700_F270_R1,S_WPA_L36_DOC1.0_WOC1.0_N2700_F270,1,S,A,36.0,1.0,1.0,2700,270,16,0,data/processed_feature_matrices/S_WPA_L36_DOC1.0_WOC1.0_N2700_F270_R1.mat,f81c3508b1fd9085026f5179250c4961dfc97d93a72fa7fa3b39abc16526af9c,350,40,0
S_WPA_L36_DOC1.0_WOC1.0_N2700_F270_R2,S_WPA_L36_DOC1.0_WOC1.0_N2700_F270,2,S,A,36.0,1.0,1.0,2700,270,17,0,data/processed_feature_matrices/S_WPA_L36_DOC1.0_WOC1.0_N2700_F270_R2.mat,2cd64c84ef2b35cdd6b4b3b3d5360e5c199e5c0c70ec447fa106f45073067a08,350,40,0
S_WPA_L36_DOC1.0_WOC1.0_N2700_F270_R3,S_WPA_L36_DOC1.0_WOC1.0_N2700_F270,3,S,A,36.0,1.0,1.0,2700,270,18,0,data/processed_feature_matrices/S_WPA_L36_DOC1.0_WOC1.0_N2700_F270_R3.mat,d98069373ec22be766eb15d3323b4c055947c3edc3dcc1ae00c5c7e31ba4ed8e,350,40,0
S_WPA_L36_DOC1.0_WOC1.0_N2700_F270_R4,S_WPA_L36_DOC1.0_WOC1.0_N2700_F270,4,S,A,36.0,1.0,1.0,2700,270,19,0,data/processed_feature_matrices/S_WPA_L36_DOC1.0_WOC1.0_N2700_F270_R4.mat,81b3201959800001bc84ad1cb718151f80faa5fd9b8b961843de6fdb1cc0d033,350,40,0
S_WPA_L36_DOC1.0_WOC1.0_N3600_F360_R1,S_WPA_L36_DOC1.0_WOC1.0_N3600_F360,1,S,A,36.0,1.0,1.0,3600,360,20,0,data/processed_feature_matrices/S_WPA_L36_DOC1.0_WOC1.0_N3600_F360_R1.mat,54d3f24ad241267422e39eb8dfd5506d4edab8017cdb979bb796c81a6e8c760c,350,40,0
S_WPA_L36_DOC1.0_WOC1.0_N3600_F360_R2,S_WPA_L36_DOC1.0_WOC1.0_N3600_F360,2,S,A,36.0,1.0,1.0,3600,360,21,0,data/processed_feature_matrices/S_WPA_L36_DOC1.0_WOC1.0_N3600_F360_R2.mat,3fe173b9a44d8d763a750beff15dcfecd4b7cd01ba47d9125596897a5be63b7e,337,40,0
S_WPA_L36_DOC1.0_WOC1.0_N3600_F360_R3,S_WPA_L36_DOC1.0_WOC1.0_N3600_F360,3,S,A,36.0,1.0,1.0,3600,360,22,0,data/processed_feature_matrices/S_WPA_L36_DOC1.0_WOC1.0_N3600_F360_R3.mat,8c870546c1ce80ad5f500f4c1e0f4744dc782b6b9f33445943d8cdfb069cdc81,343,40,0
S_WPA_L36_DOC1.0_WOC1.0_N3600_F360_R4,S_WPA_L36_DOC1.0_WOC1.0_N3600_F360,4,S,A,36.0,1.0,1.0,3600,360,23,0,data/processed_feature_matrices/S_WPA_L36_DOC1.0_WOC1.0_N3600_F360_R4.mat,90b50786d8566932197c07496fb94cc7c898af80d6dd6952b2dab9ed32133f78,350,40,0
S_WPA_L36_DOC1.0_WOC2.0_N2700_F270_R1,S_WPA_L36_DOC1.0_WOC2.0_N2700_F270,1,S,A,36.0,1.0,2.0,2700,270,24,0,data/processed_feature_matrices/S_WPA_L36_DOC1.0_WOC2.0_N2700_F270_R1.mat,5779d3f37e1cccc1692e7777e1dde50afd4a7d8eb598d0ee04d6ae71f90b7684,350,40,0
S_WPA_L36_DOC1.0_WOC2.0_N2700_F270_R2,S_WPA_L36_DOC1.0_WOC2.0_N2700_F270,2,S,A,36.0,1.0,2.0,2700,270,25,0,data/processed_feature_matrices/S_WPA_L36_DOC1.0_WOC2.0_N2700_F270_R2.mat,e547f0dc92843a8b7f58d5fe8300bb0247d03aa791a71a7dc4d67ac06463ae05,350,40,0
S_WPA_L36_DOC1.0_WOC2.0_N2700_F270_R3,S_WPA_L36_DOC1.0_WOC2.0_N2700_F270,3,S,A,36.0,1.0,2.0,2700,270,26,0,data/processed_feature_matrices/S_WPA_L36_DOC1.0_WOC2.0_N2700_F270_R3.mat,ac87618a66dcec538cc8b4508ccc650664270fd292c1af1a89492de1b54e2472,350,40,0
S_WPA_L36_DOC1.0_WOC2.0_N2700_F270_R4,S_WPA_L36_DOC1.0_WOC2.0_N2700_F270,4,S,A,36.0,1.0,2.0,2700,270,27,0,data/processed_feature_matrices/S_WPA_L36_DOC1.0_WOC2.0_N2700_F270_R4.mat,b83f588cfe8f123b0645b92d3b361f651500fb448f58935164e5ccbb22303f51,350,40,0
S_WPA_L36_DOC1.5_WOC1.0_N1800_F180_R1,S_WPA_L36_DOC1.5_WOC1.0_N1800_F180,1,S,A,36.0,1.5,1.0,1800,180,28,0,data/processed_feature_matrices/S_WPA_L36_DOC1.5_WOC1.0_N1800_F180_R1.mat,1569d22bba008656c8799b89a6dd19310461f5b6aeda7c36281f60cb412955e3,350,40,0
S_WPA_L36_DOC1.5_WOC1.0_N1800_F180_R2,S_WPA_L36_DOC1.5_WOC1.0_N1800_F180,2,S,A,36.0,1.5,1.0,1800,180,29,0,data/processed_feature_matrices/S_WPA_L36_DOC1.5_WOC1.0_N1800_F180_R2.mat,529bdf81238f26014e1a4399c81e846367cba1b8cc641b7c804f6c039208a94a,350,40,0
S_WPA_L36_DOC1.5_WOC1.0_N1800_F180_R3,S_WPA_L36_DOC1.5_WOC1.0_N1800_F180,3,S,A,36.0,1.5,1.0,1800,180,30,0,data/processed_feature_matrices/S_WPA_L36_DOC1.5_WOC1.0_N1800_F180_R3.mat,18efee49f716fa1cf46f198ac40fb7756f1d6ba53c54f023d168f5bf9dd5d1f8,350,40,0
S_WPA_L36_DOC1.5_WOC1.0_N1800_F180_R4,S_WPA_L36_DOC1.5_WOC1.0_N1800_F180,4,S,A,36.0,1.5,1.0,1800,180,31,0,data/processed_feature_matrices/S_WPA_L36_DOC1.5_WOC1.0_N1800_F180_R4.mat,a821459aab2a76a1dff7e22ff78ebb773a7b349a72c54e144af623e4bd186ac8,350,40,0
S_WPA_L36_DOC1.5_WOC1.0_N3600_F360_R1,S_WPA_L36_DOC1.5_WOC1.0_N3600_F360,1,S,A,36.0,1.5,1.0,3600,360,32,0,data/processed_feature_matrices/S_WPA_L36_DOC1.5_WOC1.0_N3600_F360_R1.mat,5d4bee2752073b44f7074599fd0fefb5c702bb793724bc5923219f7da4054d7b,350,40,0
S_WPA_L36_DOC1.5_WOC1.0_N3600_F360_R2,S_WPA_L36_DOC1.5_WOC1.0_N3600_F360,2,S,A,36.0,1.5,1.0,3600,360,33,0,data/processed_feature_matrices/S_WPA_L36_DOC1.5_WOC1.0_N3600_F360_R2.mat,75da27f2e2b95bb83cd5122d25aaf7603733d7e803080a8c465491625a77db58,350,40,0
S_WPA_L36_DOC1.5_WOC1.0_N3600_F360_R3,S_WPA_L36_DOC1.5_WOC1.0_N3600_F360,3,S,A,36.0,1.5,1.0,3600,360,34,0,data/processed_feature_matrices/S_WPA_L36_DOC1.5_WOC1.0_N3600_F360_R3.mat,04503c5db538595fbd4b970850fc2c9a36dabb7adce4172a5df4fae10fdb0f1e,350,40,0
S_WPA_L36_DOC1.5_WOC1.0_N3600_F360_R4,S_WPA_L36_DOC1.5_WOC1.0_N3600_F360,4,S,A,36.0,1.5,1.0,3600,360,35,0,data/processed_feature_matrices/S_WPA_L36_DOC1.5_WOC1.0_N3600_F360_R4.mat,07251d32d36dad26c1c5ba91d5e87ec438f22688f1704c019859a15a445bc183,350,40,0
S_WPA_L36_DOC1.5_WOC2.0_N2700_F270_R1,S_WPA_L36_DOC1.5_WOC2.0_N2700_F270,1,S,A,36.0,1.5,2.0,2700,270,36,0,data/processed_feature_matrices/S_WPA_L36_DOC1.5_WOC2.0_N2700_F270_R1.mat,82d4d367c954f07757aee61531466c0f0f184c04bf3e6a049cdb713bdcd0d8ce,350,40,0
S_WPA_L36_DOC1.5_WOC2.0_N2700_F270_R2,S_WPA_L36_DOC1.5_WOC2.0_N2700_F270,2,S,A,36.0,1.5,2.0,2700,270,37,0,data/processed_feature_matrices/S_WPA_L36_DOC1.5_WOC2.0_N2700_F270_R2.mat,8e882353a02234fbc90517aa6223cbfd1842de09eabaa3903d22c9e89ef38bd9,350,40,0
S_WPA_L36_DOC1.5_WOC2.0_N2700_F270_R3,S_WPA_L36_DOC1.5_WOC2.0_N2700_F270,3,S,A,36.0,1.5,2.0,2700,270,38,0,data/processed_feature_matrices/S_WPA_L36_DOC1.5_WOC2.0_N2700_F270_R3.mat,f8592d7d3336989f0faaec325c87f69b1fcc3864fa6a61ab4e0e3233ca414917,350,40,0
S_WPA_L36_DOC1.5_WOC2.0_N2700_F270_R4,S_WPA_L36_DOC1.5_WOC2.0_N2700_F270,4,S,A,36.0,1.5,2.0,2700,270,39,0,data/processed_feature_matrices/S_WPA_L36_DOC1.5_WOC2.0_N2700_F270_R4.mat,e332a55c8bd8a4f5d58a1e7624a4e9009598ff4572a5fde99b00c3052291e2c4,350,40,0
S_WPA_L36_DOC2.0_WOC1.0_N1800_F180_R1,S_WPA_L36_DOC2.0_WOC1.0_N1800_F180,1,S,A,36.0,2.0,1.0,1800,180,40,0,data/processed_feature_matrices/S_WPA_L36_DOC2.0_WOC1.0_N1800_F180_R1.mat,4b25566bdc4b1dca7fcb66886743a28eb96b7c0ee692b9d594cf53f657becfb5,350,40,0
S_WPA_L36_DOC2.0_WOC1.0_N1800_F180_R2,S_WPA_L36_DOC2.0_WOC1.0_N1800_F180,2,S,A,36.0,2.0,1.0,1800,180,41,0,data/processed_feature_matrices/S_WPA_L36_DOC2.0_WOC1.0_N1800_F180_R2.mat,40f7e2315d2a0ad9a25be0dcc421bcc453dddb53349ad87340afed7f02f4b599,350,40,0
S_WPA_L36_DOC2.0_WOC1.0_N1800_F180_R3,S_WPA_L36_DOC2.0_WOC1.0_N1800_F180,3,S,A,36.0,2.0,1.0,1800,180,42,0,data/processed_feature_matrices/S_WPA_L36_DOC2.0_WOC1.0_N1800_F180_R3.mat,3d63414c705c3a1ed2984efa9b848df8abf0562ed8b99157e25f0d6c9891d721,350,40,0
S_WPA_L36_DOC2.0_WOC1.0_N1800_F180_R4,S_WPA_L36_DOC2.0_WOC1.0_N1800_F180,4,S,A,36.0,2.0,1.0,1800,180,43,0,data/processed_feature_matrices/S_WPA_L36_DOC2.0_WOC1.0_N1800_F180_R4.mat,f9b7cdf0b6105cf7649eb1e565cd97873394f548e397f9d557887a33589611d6,350,40,0
S_WPA_L36_DOC2.0_WOC1.0_N2700_F270_R1,S_WPA_L36_DOC2.0_WOC1.0_N2700_F270,1,S,A,36.0,2.0,1.0,2700,270,44,0,data/processed_feature_matrices/S_WPA_L36_DOC2.0_WOC1.0_N2700_F270_R1.mat,87c17ba63cdd8f23f35225bfedf02c14c3e1c58ad8920dc8437929366fa9f06e,350,40,0
S_WPA_L36_DOC2.0_WOC1.0_N2700_F270_R2,S_WPA_L36_DOC2.0_WOC1.0_N2700_F270,2,S,A,36.0,2.0,1.0,2700,270,45,0,data/processed_feature_matrices/S_WPA_L36_DOC2.0_WOC1.0_N2700_F270_R2.mat,edcb0e75471f91fb58d09b12011e2bdb2363e8ebf0c22973d08e491ad7ed3f09,350,40,0
S_WPA_L36_DOC2.0_WOC1.0_N2700_F270_R3,S_WPA_L36_DOC2.0_WOC1.0_N2700_F270,3,S,A,36.0,2.0,1.0,2700,270,46,0,data/processed_feature_matrices/S_WPA_L36_DOC2.0_WOC1.0_N2700_F270_R3.mat,f7c364f4eeab3b60c01ce20247de60bbfd3690c5f48b04ec637abb936a74693d,350,40,0
S_WPA_L36_DOC2.0_WOC1.0_N2700_F270_R4,S_WPA_L36_DOC2.0_WOC1.0_N2700_F270,4,S,A,36.0,2.0,1.0,2700,270,47,0,data/processed_feature_matrices/S_WPA_L36_DOC2.0_WOC1.0_N2700_F270_R4.mat,1b347a024009a8e6231c1af91babd1ff5963e9268f3bd1ef647ea5b238070a83,350,40,0
S_WPA_L36_DOC3.0_WOC1.0_N1800_F180_R1,S_WPA_L36_DOC3.0_WOC1.0_N1800_F180,1,S,A,36.0,3.0,1.0,1800,180,48,0,data/processed_feature_matrices/S_WPA_L36_DOC3.0_WOC1.0_N1800_F180_R1.mat,76cfa854fdbc1a9a19f3b772c35aa7a8df396ed90fd7caf0efa4e179aadbaaaf,350,40,0
S_WPA_L36_DOC3.0_WOC1.0_N1800_F180_R2,S_WPA_L36_DOC3.0_WOC1.0_N1800_F180,2,S,A,36.0,3.0,1.0,1800,180,49,0,data/processed_feature_matrices/S_WPA_L36_DOC3.0_WOC1.0_N1800_F180_R2.mat,790a574ef92e92a8126476b6721ae70a47ecae3646d62123d6a42287d945c611,350,40,0
S_WPA_L36_DOC3.0_WOC1.0_N1800_F180_R3,S_WPA_L36_DOC3.0_WOC1.0_N1800_F180,3,S,A,36.0,3.0,1.0,1800,180,50,0,data/processed_feature_matrices/S_WPA_L36_DOC3.0_WOC1.0_N1800_F180_R3.mat,cd84c98937bce3a6cbb891694067e07325cef443a0d2201bac0b209431f5eb04,350,40,0
S_WPA_L36_DOC3.0_WOC1.0_N1800_F180_R4,S_WPA_L36_DOC3.0_WOC1.0_N1800_F180,4,S,A,36.0,3.0,1.0,1800,180,51,0,data/processed_feature_matrices/S_WPA_L36_DOC3.0_WOC1.0_N1800_F180_R4.mat,6f2e73f274f334c772ee93527e57573cbb6346e861d1fa6cd27b4ccddcff6f93,350,40,0
S_WPA_L36_DOC4.0_WOC1.0_N2700_F270_R1,S_WPA_L36_DOC4.0_WOC1.0_N2700_F270,1,S,A,36.0,4.0,1.0,2700,270,52,0,data/processed_feature_matrices/S_WPA_L36_DOC4.0_WOC1.0_N2700_F270_R1.mat,a8800d82eaacd1f2749874390ad7d2b41b367c5ad5bde9e934641561f173b6df,350,40,0
S_WPA_L36_DOC4.0_WOC1.0_N2700_F270_R2,S_WPA_L36_DOC4.0_WOC1.0_N2700_F270,2,S,A,36.0,4.0,1.0,2700,270,53,0,data/processed_feature_matrices/S_WPA_L36_DOC4.0_WOC1.0_N2700_F270_R2.mat,e95fa85fb98758d47b5d20913b9d353648d3c5114f680386a4100c0eb6e42e37,350,40,0
S_WPA_L36_DOC4.0_WOC1.0_N2700_F270_R3,S_WPA_L36_DOC4.0_WOC1.0_N2700_F270,3,S,A,36.0,4.0,1.0,2700,270,54,0,data/processed_feature_matrices/S_WPA_L36_DOC4.0_WOC1.0_N2700_F270_R3.mat,7bec695ae581b27f89509d200a957a9930c3b16c50c8c4f1391d69f2bf2bb311,350,40,0
S_WPA_L36_DOC4.0_WOC1.0_N2700_F270_R4,S_WPA_L36_DOC4.0_WOC1.0_N2700_F270,4,S,A,36.0,4.0,1.0,2700,270,55,0,data/processed_feature_matrices/S_WPA_L36_DOC4.0_WOC1.0_N2700_F270_R4.mat,f4fecf75b8d156b183493df845671410c27200c061348c0b973034f0778df06e,350,40,0
S_WPA_L36_DOC6.0_WOC1.0_N2700_F270_R1,S_WPA_L36_DOC6.0_WOC1.0_N2700_F270,1,S,A,36.0,6.0,1.0,2700,270,56,0,data/processed_feature_matrices/S_WPA_L36_DOC6.0_WOC1.0_N2700_F270_R1.mat,11d65f653bc2cc6411b728c851f4d47a6ec179924948fb75dce24c694fc95840,350,40,0
S_WPA_L36_DOC6.0_WOC1.0_N2700_F270_R2,S_WPA_L36_DOC6.0_WOC1.0_N2700_F270,2,S,A,36.0,6.0,1.0,2700,270,57,0,data/processed_feature_matrices/S_WPA_L36_DOC6.0_WOC1.0_N2700_F270_R2.mat,34cf9d6bbcf6f3d83f4a2e307875478e9e707fd6ae296b001002dfc3910e58e6,350,40,0
S_WPA_L36_DOC6.0_WOC1.0_N2700_F270_R3,S_WPA_L36_DOC6.0_WOC1.0_N2700_F270,3,S,A,36.0,6.0,1.0,2700,270,58,0,data/processed_feature_matrices/S_WPA_L36_DOC6.0_WOC1.0_N2700_F270_R3.mat,8c3297d80c2f850d886a5cb4c539ebf1d03ebff56190516390166f8d70a34346,350,40,0
S_WPA_L36_DOC6.0_WOC1.0_N2700_F270_R4,S_WPA_L36_DOC6.0_WOC1.0_N2700_F270,4,S,A,36.0,6.0,1.0,2700,270,59,0,data/processed_feature_matrices/S_WPA_L36_DOC6.0_WOC1.0_N2700_F270_R4.mat,772fbf0c8024eaaefa814cd252e983763418399b8417d60e19ec1d1718be4ed8,350,40,0
S_WPB_L56_DOC0.5_WOC1.0_N1800_F180_R1,S_WPB_L56_DOC0.5_WOC1.0_N1800_F180,1,S,B,56.0,0.5,1.0,1800,180,60,0,data/processed_feature_matrices/S_WPB_L56_DOC0.5_WOC1.0_N1800_F180_R1.mat,01a878eaea2e07853121615eed6bb78c693ab46592f11562967951b1c5c62f69,350,40,0
S_WPB_L56_DOC0.5_WOC1.0_N1800_F180_R2,S_WPB_L56_DOC0.5_WOC1.0_N1800_F180,2,S,B,56.0,0.5,1.0,1800,180,61,0,data/processed_feature_matrices/S_WPB_L56_DOC0.5_WOC1.0_N1800_F180_R2.mat,7505677b279d9f02e6ce972f00fa8c9fd54e09bde5ae170c2f78df1df8513fcd,350,40,0
S_WPB_L56_DOC0.5_WOC1.0_N1800_F180_R3,S_WPB_L56_DOC0.5_WOC1.0_N1800_F180,3,S,B,56.0,0.5,1.0,1800,180,62,0,data/processed_feature_matrices/S_WPB_L56_DOC0.5_WOC1.0_N1800_F180_R3.mat,0d11ee6398a7f14fbfa49ec9ef55f6a88e46ff0bc67a630aa1298f68f1795162,350,40,0
S_WPB_L56_DOC0.5_WOC1.0_N1800_F180_R4,S_WPB_L56_DOC0.5_WOC1.0_N1800_F180,4,S,B,56.0,0.5,1.0,1800,180,63,0,data/processed_feature_matrices/S_WPB_L56_DOC0.5_WOC1.0_N1800_F180_R4.mat,f54d74d7891d013559f6698423233ba3963c80ab4df0c97708c72e2eb955aa7a,350,40,0
S_WPB_L56_DOC0.5_WOC1.0_N2700_F270_R1,S_WPB_L56_DOC0.5_WOC1.0_N2700_F270,1,S,B,56.0,0.5,1.0,2700,270,64,0,data/processed_feature_matrices/S_WPB_L56_DOC0.5_WOC1.0_N2700_F270_R1.mat,9fa9cc9f42727628196a6ef30768c6d64828bca1db3b7905d5a666abbe045465,350,40,0
S_WPB_L56_DOC0.5_WOC1.0_N2700_F270_R2,S_WPB_L56_DOC0.5_WOC1.0_N2700_F270,2,S,B,56.0,0.5,1.0,2700,270,65,0,data/processed_feature_matrices/S_WPB_L56_DOC0.5_WOC1.0_N2700_F270_R2.mat,eab7187da0525559c9c5e823e321502d6a4ce8890bdf317b9c3c7d1207946a5d,350,40,0
S_WPB_L56_DOC0.5_WOC1.0_N2700_F270_R3,S_WPB_L56_DOC0.5_WOC1.0_N2700_F270,3,S,B,56.0,0.5,1.0,2700,270,66,0,data/processed_feature_matrices/S_WPB_L56_DOC0.5_WOC1.0_N2700_F270_R3.mat,32712a13429ec7ec5a87c626a46911d67b2fca2742aff017621f5b20ba3c23b6,350,40,0
S_WPB_L56_DOC0.5_WOC1.0_N2700_F270_R4,S_WPB_L56_DOC0.5_WOC1.0_N2700_F270,4,S,B,56.0,0.5,1.0,2700,270,67,0,data/processed_feature_matrices/S_WPB_L56_DOC0.5_WOC1.0_N2700_F270_R4.mat,ca92214026a2237d968864b31e74dbab8a63fa212d5263a2f83fb7a296657f2d,350,40,0
S_WPB_L56_DOC0.5_WOC1.0_N3600_F360_R1,S_WPB_L56_DOC0.5_WOC1.0_N3600_F360,1,S,B,56.0,0.5,1.0,3600,360,68,0,data/processed_feature_matrices/S_WPB_L56_DOC0.5_WOC1.0_N3600_F360_R1.mat,bb8e20783eff6e94b02d99aa86e78194937e664cc1a45b594f0fb9a2adf6bb86,350,40,0
S_WPB_L56_DOC0.5_WOC1.0_N3600_F360_R2,S_WPB_L56_DOC0.5_WOC1.0_N3600_F360,2,S,B,56.0,0.5,1.0,3600,360,69,0,data/processed_feature_matrices/S_WPB_L56_DOC0.5_WOC1.0_N3600_F360_R2.mat,11befd40c961d6e1904dc45af63a849c98fa2b9f5666114882cc6d87c6a67760,350,40,0
S_WPB_L56_DOC0.5_WOC1.0_N3600_F360_R3,S_WPB_L56_DOC0.5_WOC1.0_N3600_F360,3,S,B,56.0,0.5,1.0,3600,360,70,0,data/processed_feature_matrices/S_WPB_L56_DOC0.5_WOC1.0_N3600_F360_R3.mat,52a5540407c3653d5a2d65eca731f95011e68a510dbc4cd416d215458e64ced6,350,40,0
S_WPB_L56_DOC0.5_WOC1.0_N3600_F360_R4,S_WPB_L56_DOC0.5_WOC1.0_N3600_F360,4,S,B,56.0,0.5,1.0,3600,360,71,0,data/processed_feature_matrices/S_WPB_L56_DOC0.5_WOC1.0_N3600_F360_R4.mat,db549e84258863f1b6abcbf78155f6090f717e122c861d9220914954ed2d9693,350,40,0
S_WPB_L56_DOC0.5_WOC2.0_N2700_F270_R1,S_WPB_L56_DOC0.5_WOC2.0_N2700_F270,1,S,B,56.0,0.5,2.0,2700,270,72,0,data/processed_feature_matrices/S_WPB_L56_DOC0.5_WOC2.0_N2700_F270_R1.mat,c9139c3f405942123a12f066beb7fac7d6bfa0a1526c5e4fe5502dea300405d3,350,40,0
S_WPB_L56_DOC0.5_WOC2.0_N2700_F270_R2,S_WPB_L56_DOC0.5_WOC2.0_N2700_F270,2,S,B,56.0,0.5,2.0,2700,270,73,0,data/processed_feature_matrices/S_WPB_L56_DOC0.5_WOC2.0_N2700_F270_R2.mat,89f74ee3e269a009291e45f473c0ba9152a7ad712a8aba1178cf001b2ba76409,350,40,0
S_WPB_L56_DOC0.5_WOC2.0_N2700_F270_R3,S_WPB_L56_DOC0.5_WOC2.0_N2700_F270,3,S,B,56.0,0.5,2.0,2700,270,74,0,data/processed_feature_matrices/S_WPB_L56_DOC0.5_WOC2.0_N2700_F270_R3.mat,f8d30bc1e18c3d173616c125e6b54ae199c3c1550b70736a13684a51f9530872,350,40,0
S_WPB_L56_DOC0.5_WOC2.0_N2700_F270_R4,S_WPB_L56_DOC0.5_WOC2.0_N2700_F270,4,S,B,56.0,0.5,2.0,2700,270,75,0,data/processed_feature_matrices/S_WPB_L56_DOC0.5_WOC2.0_N2700_F270_R4.mat,ac42bdcca7cfef86a6aaff325b1b4e80f34e7652f2bf77c56526b4e653c57263,350,40,0
S_WPB_L56_DOC1.0_WOC1.0_N1800_F180_R1,S_WPB_L56_DOC1.0_WOC1.0_N1800_F180,1,S,B,56.0,1.0,1.0,1800,180,76,0,data/processed_feature_matrices/S_WPB_L56_DOC1.0_WOC1.0_N1800_F180_R1.mat,d5958329c59f430e76532aa6c46de7feffbdc68567e2599df1f710cd2983708e,350,40,0
S_WPB_L56_DOC1.0_WOC1.0_N1800_F180_R2,S_WPB_L56_DOC1.0_WOC1.0_N1800_F180,2,S,B,56.0,1.0,1.0,1800,180,77,0,data/processed_feature_matrices/S_WPB_L56_DOC1.0_WOC1.0_N1800_F180_R2.mat,66f9bf7948af1cb3dc91b229853ccfe9c24bb90753f91e871854783b33ee0e00,350,40,0
S_WPB_L56_DOC1.0_WOC1.0_N1800_F180_R3,S_WPB_L56_DOC1.0_WOC1.0_N1800_F180,3,S,B,56.0,1.0,1.0,1800,180,78,0,data/processed_feature_matrices/S_WPB_L56_DOC1.0_WOC1.0_N1800_F180_R3.mat,c47d9414722dd2c7066fd236b44b37a0c2b2de1044a73db98ba9f92dbebf9061,350,40,0
S_WPB_L56_DOC1.0_WOC1.0_N1800_F180_R4,S_WPB_L56_DOC1.0_WOC1.0_N1800_F180,4,S,B,56.0,1.0,1.0,1800,180,79,0,data/processed_feature_matrices/S_WPB_L56_DOC1.0_WOC1.0_N1800_F180_R4.mat,48716ceefa80a578000c87889ca8aa28257a255f727d107dfba01b55578a484c,350,40,0
S_WPB_L56_DOC1.0_WOC1.0_N2700_F270_R1,S_WPB_L56_DOC1.0_WOC1.0_N2700_F270,1,S,B,56.0,1.0,1.0,2700,270,80,0,data/processed_feature_matrices/S_WPB_L56_DOC1.0_WOC1.0_N2700_F270_R1.mat,7df58ff566a9f639c16dc48484ec64691a010ae6c6875fef79279fcd9339f116,350,40,0
S_WPB_L56_DOC1.0_WOC1.0_N2700_F270_R2,S_WPB_L56_DOC1.0_WOC1.0_N2700_F270,2,S,B,56.0,1.0,1.0,2700,270,81,0,data/processed_feature_matrices/S_WPB_L56_DOC1.0_WOC1.0_N2700_F270_R2.mat,d9cd791641528570e1df7bc729b2c4cd27e619ea8996539e4f808c7eadf74313,350,40,0
S_WPB_L56_DOC1.0_WOC1.0_N2700_F270_R3,S_WPB_L56_DOC1.0_WOC1.0_N2700_F270,3,S,B,56.0,1.0,1.0,2700,270,82,0,data/processed_feature_matrices/S_WPB_L56_DOC1.0_WOC1.0_N2700_F270_R3.mat,adce617aa1b694dae8a1520983cc6668f31295991dc333b012b455882282cc73,350,40,0
S_WPB_L56_DOC1.0_WOC1.0_N2700_F270_R4,S_WPB_L56_DOC1.0_WOC1.0_N2700_F270,4,S,B,56.0,1.0,1.0,2700,270,83,0,data/processed_feature_matrices/S_WPB_L56_DOC1.0_WOC1.0_N2700_F270_R4.mat,2c0d29b865a383e0e2a435f4f907b4f025cddae7f99764b9d1985fec751caf04,350,40,0
S_WPB_L56_DOC1.0_WOC1.0_N3600_F360_R1,S_WPB_L56_DOC1.0_WOC1.0_N3600_F360,1,S,B,56.0,1.0,1.0,3600,360,84,0,data/processed_feature_matrices/S_WPB_L56_DOC1.0_WOC1.0_N3600_F360_R1.mat,5bf7aec035ad7658226d4028a25983fb3df7f64b959e20a8df3efd73bc3a13d2,350,40,0
S_WPB_L56_DOC1.0_WOC1.0_N3600_F360_R2,S_WPB_L56_DOC1.0_WOC1.0_N3600_F360,2,S,B,56.0,1.0,1.0,3600,360,85,0,data/processed_feature_matrices/S_WPB_L56_DOC1.0_WOC1.0_N3600_F360_R2.mat,932b25e58840260f09581429cba18f9f5c764132f40e10cc0d7e45b370aeb707,350,40,0
S_WPB_L56_DOC1.0_WOC1.0_N3600_F360_R3,S_WPB_L56_DOC1.0_WOC1.0_N3600_F360,3,S,B,56.0,1.0,1.0,3600,360,86,0,data/processed_feature_matrices/S_WPB_L56_DOC1.0_WOC1.0_N3600_F360_R3.mat,9709e432629762de01f185d25c045e2fec6b5e63383110b7f357277c1904338a,350,40,0
S_WPB_L56_DOC1.0_WOC1.0_N3600_F360_R4,S_WPB_L56_DOC1.0_WOC1.0_N3600_F360,4,S,B,56.0,1.0,1.0,3600,360,87,0,data/processed_feature_matrices/S_WPB_L56_DOC1.0_WOC1.0_N3600_F360_R4.mat,03a869681ba2fac9600139782906f170824b4fa0192329f2e90c47f5f41e7c41,350,40,0
S_WPB_L56_DOC1.0_WOC2.0_N2700_F270_R1,S_WPB_L56_DOC1.0_WOC2.0_N2700_F270,1,S,B,56.0,1.0,2.0,2700,270,88,0,data/processed_feature_matrices/S_WPB_L56_DOC1.0_WOC2.0_N2700_F270_R1.mat,eebf583eb61f1b0a5713e2bb5fc379d39158ccf7013f4d539a53922b55a1332d,350,40,0
S_WPB_L56_DOC1.0_WOC2.0_N2700_F270_R2,S_WPB_L56_DOC1.0_WOC2.0_N2700_F270,2,S,B,56.0,1.0,2.0,2700,270,89,0,data/processed_feature_matrices/S_WPB_L56_DOC1.0_WOC2.0_N2700_F270_R2.mat,40642729c4fd5ab7d0f8a1c30b7ac0384d6c106daae214e9dd64158af1531f4a,350,40,0
S_WPB_L56_DOC1.0_WOC2.0_N2700_F270_R3,S_WPB_L56_DOC1.0_WOC2.0_N2700_F270,3,S,B,56.0,1.0,2.0,2700,270,90,0,data/processed_feature_matrices/S_WPB_L56_DOC1.0_WOC2.0_N2700_F270_R3.mat,7022b5f5334ab131cd16baf6fc1f3c08fb7c5ac6a3e859755b588ff6b0ddbf18,350,40,0
S_WPB_L56_DOC1.0_WOC2.0_N2700_F270_R4,S_WPB_L56_DOC1.0_WOC2.0_N2700_F270,4,S,B,56.0,1.0,2.0,2700,270,91,0,data/processed_feature_matrices/S_WPB_L56_DOC1.0_WOC2.0_N2700_F270_R4.mat,54c1ae45aa016064e82c8080dd5ad61398fe47f4296164fe49dce7f7738a9dae,350,40,0
S_WPB_L56_DOC1.5_WOC1.0_N1800_F180_R1,S_WPB_L56_DOC1.5_WOC1.0_N1800_F180,1,S,B,56.0,1.5,1.0,1800,180,92,0,data/processed_feature_matrices/S_WPB_L56_DOC1.5_WOC1.0_N1800_F180_R1.mat,54f39b5ca6b3c0f635a1c77288d7b0b8958e48f17392efd8dcb13de2ee849f68,350,40,0
S_WPB_L56_DOC1.5_WOC1.0_N1800_F180_R2,S_WPB_L56_DOC1.5_WOC1.0_N1800_F180,2,S,B,56.0,1.5,1.0,1800,180,93,0,data/processed_feature_matrices/S_WPB_L56_DOC1.5_WOC1.0_N1800_F180_R2.mat,caa726d10a4a155907d838df349355615f5170707ea9d9b3af2d11da0583d520,350,40,0
S_WPB_L56_DOC1.5_WOC1.0_N1800_F180_R3,S_WPB_L56_DOC1.5_WOC1.0_N1800_F180,3,S,B,56.0,1.5,1.0,1800,180,94,0,data/processed_feature_matrices/S_WPB_L56_DOC1.5_WOC1.0_N1800_F180_R3.mat,639a0325dfe9722cba3e0b7dfd3963433a9a3fd154aff33cb37f2d193f349432,350,40,0
S_WPB_L56_DOC1.5_WOC1.0_N1800_F180_R4,S_WPB_L56_DOC1.5_WOC1.0_N1800_F180,4,S,B,56.0,1.5,1.0,1800,180,95,0,data/processed_feature_matrices/S_WPB_L56_DOC1.5_WOC1.0_N1800_F180_R4.mat,689b09d55ba81ce2fbde697e00650592ee51c00d712199ec6d1941fd5a1d4a33,350,40,0
S_WPB_L56_DOC1.5_WOC1.0_N2700_F270_R1,S_WPB_L56_DOC1.5_WOC1.0_N2700_F270,1,S,B,56.0,1.5,1.0,2700,270,96,0,data/processed_feature_matrices/S_WPB_L56_DOC1.5_WOC1.0_N2700_F270_R1.mat,11f30710a2c5edd339c55405634631d0ed3a91eb693bed61ddf33178466703a2,350,40,0
S_WPB_L56_DOC1.5_WOC1.0_N2700_F270_R2,S_WPB_L56_DOC1.5_WOC1.0_N2700_F270,2,S,B,56.0,1.5,1.0,2700,270,97,0,data/processed_feature_matrices/S_WPB_L56_DOC1.5_WOC1.0_N2700_F270_R2.mat,e6a0135284163802575e972b48613dc2a0567b723b31dd1143c7e9e84c3098ef,350,40,0
S_WPB_L56_DOC1.5_WOC1.0_N2700_F270_R3,S_WPB_L56_DOC1.5_WOC1.0_N2700_F270,3,S,B,56.0,1.5,1.0,2700,270,98,0,data/processed_feature_matrices/S_WPB_L56_DOC1.5_WOC1.0_N2700_F270_R3.mat,b91f300cca080d3ada22d739649b9333f5168f09542c81f58028bc0f89293178,350,40,0
S_WPB_L56_DOC1.5_WOC1.0_N2700_F270_R4,S_WPB_L56_DOC1.5_WOC1.0_N2700_F270,4,S,B,56.0,1.5,1.0,2700,270,99,0,data/processed_feature_matrices/S_WPB_L56_DOC1.5_WOC1.0_N2700_F270_R4.mat,1863fe5e770df4e16c35c2abdb9563c7b2b6f4b0cc0319688ad331ab0636b0a8,350,40,0
S_WPB_L56_DOC1.5_WOC1.0_N3600_F360_R1,S_WPB_L56_DOC1.5_WOC1.0_N3600_F360,1,S,B,56.0,1.5,1.0,3600,360,100,0,data/processed_feature_matrices/S_WPB_L56_DOC1.5_WOC1.0_N3600_F360_R1.mat,1d9fdc9c9c0519b484d1b53153ad1bcdb8ff946c4ac74c1f72751e1cc539397e,344,40,0
S_WPB_L56_DOC1.5_WOC1.0_N3600_F360_R2,S_WPB_L56_DOC1.5_WOC1.0_N3600_F360,2,S,B,56.0,1.5,1.0,3600,360,101,0,data/processed_feature_matrices/S_WPB_L56_DOC1.5_WOC1.0_N3600_F360_R2.mat,92b5b5d9407acac4d09e6780d900dff23cd55d6452a94639d26aa5f15cc6fc0c,350,40,0
S_WPB_L56_DOC1.5_WOC1.0_N3600_F360_R3,S_WPB_L56_DOC1.5_WOC1.0_N3600_F360,3,S,B,56.0,1.5,1.0,3600,360,102,0,data/processed_feature_matrices/S_WPB_L56_DOC1.5_WOC1.0_N3600_F360_R3.mat,8a1109c7b1d2d34199da1255473424b4e9145737b07d8bea7f8b53c767f39e36,350,40,0
S_WPB_L56_DOC1.5_WOC1.0_N3600_F360_R4,S_WPB_L56_DOC1.5_WOC1.0_N3600_F360,4,S,B,56.0,1.5,1.0,3600,360,103,0,data/processed_feature_matrices/S_WPB_L56_DOC1.5_WOC1.0_N3600_F360_R4.mat,c6881f1106efbe8ea4851d4e49ef64ab1e60172eb3949598ef815645dab8618c,350,40,0
S_WPB_L56_DOC1.5_WOC2.0_N2700_F270_R1,S_WPB_L56_DOC1.5_WOC2.0_N2700_F270,1,S,B,56.0,1.5,2.0,2700,270,104,0,data/processed_feature_matrices/S_WPB_L56_DOC1.5_WOC2.0_N2700_F270_R1.mat,e009ee8875cc474df2222db35805ec75eca5a16d028b9ce29225e9b1a146a2c9,350,40,0
S_WPB_L56_DOC1.5_WOC2.0_N2700_F270_R2,S_WPB_L56_DOC1.5_WOC2.0_N2700_F270,2,S,B,56.0,1.5,2.0,2700,270,105,0,data/processed_feature_matrices/S_WPB_L56_DOC1.5_WOC2.0_N2700_F270_R2.mat,e4ab075f3c0288bc905a1f5b8562ef4e3828fd3b5330edbd54ee95b341ccfdc2,350,40,0
S_WPB_L56_DOC1.5_WOC2.0_N2700_F270_R3,S_WPB_L56_DOC1.5_WOC2.0_N2700_F270,3,S,B,56.0,1.5,2.0,2700,270,106,0,data/processed_feature_matrices/S_WPB_L56_DOC1.5_WOC2.0_N2700_F270_R3.mat,1b99a86ee57f477caae3115368670d83f09873c3f822295bd6a5d208a7e6f14d,350,40,0
S_WPB_L56_DOC1.5_WOC2.0_N2700_F270_R4,S_WPB_L56_DOC1.5_WOC2.0_N2700_F270,4,S,B,56.0,1.5,2.0,2700,270,107,0,data/processed_feature_matrices/S_WPB_L56_DOC1.5_WOC2.0_N2700_F270_R4.mat,ab24b1130085140f9c502abdb74d913f090caba9fe4f94655c6e1d1dfdb86500,350,40,0
U_WPA_L36_DOC2.0_WOC1.0_N3600_F360_R1,U_WPA_L36_DOC2.0_WOC1.0_N3600_F360,1,U,A,36.0,2.0,1.0,3600,360,108,1,data/processed_feature_matrices/U_WPA_L36_DOC2.0_WOC1.0_N3600_F360_R1.mat,35714b04d77e60cc7907fd07ad763cf2af6fdb1ff4f0697a08d38f231551d305,350,40,0
U_WPA_L36_DOC2.0_WOC1.0_N3600_F360_R2,U_WPA_L36_DOC2.0_WOC1.0_N3600_F360,2,U,A,36.0,2.0,1.0,3600,360,109,1,data/processed_feature_matrices/U_WPA_L36_DOC2.0_WOC1.0_N3600_F360_R2.mat,39bdd8ceac4f56caaf641580cd331f814642ba19ec812cbe7177141979b0dd05,350,40,0
U_WPA_L36_DOC2.0_WOC1.0_N3600_F360_R3,U_WPA_L36_DOC2.0_WOC1.0_N3600_F360,3,U,A,36.0,2.0,1.0,3600,360,110,1,data/processed_feature_matrices/U_WPA_L36_DOC2.0_WOC1.0_N3600_F360_R3.mat,3ae434f89040885192a620d45c61681279c089ccdc8ed16896ecc254142a9ec4,350,40,0
U_WPA_L36_DOC2.0_WOC1.0_N3600_F360_R4,U_WPA_L36_DOC2.0_WOC1.0_N3600_F360,4,U,A,36.0,2.0,1.0,3600,360,111,1,data/processed_feature_matrices/U_WPA_L36_DOC2.0_WOC1.0_N3600_F360_R4.mat,1cb59312b475994f22bd3070874cebe494a912967b490dcd35457528d8db6e50,350,40,0
U_WPA_L36_DOC2.0_WOC2.0_N2700_F270_R1,U_WPA_L36_DOC2.0_WOC2.0_N2700_F270,1,U,A,36.0,2.0,2.0,2700,270,112,1,data/processed_feature_matrices/U_WPA_L36_DOC2.0_WOC2.0_N2700_F270_R1.mat,5fbf1647a06511a0115fa944cfc5a32413798010e57cf55bd275edaa7411063b,350,40,0
U_WPA_L36_DOC2.0_WOC2.0_N2700_F270_R2,U_WPA_L36_DOC2.0_WOC2.0_N2700_F270,2,U,A,36.0,2.0,2.0,2700,270,113,1,data/processed_feature_matrices/U_WPA_L36_DOC2.0_WOC2.0_N2700_F270_R2.mat,9ab2fd32503b3701baed13b8dc9364a67086d5408b54478a330416ead5142b78,350,40,0
U_WPA_L36_DOC2.0_WOC2.0_N2700_F270_R3,U_WPA_L36_DOC2.0_WOC2.0_N2700_F270,3,U,A,36.0,2.0,2.0,2700,270,114,1,data/processed_feature_matrices/U_WPA_L36_DOC2.0_WOC2.0_N2700_F270_R3.mat,b92c73ce640a05a9f25b75ea956e591b8dff32f584468c1ca5d53c0d5244a989,350,40,0
U_WPA_L36_DOC2.0_WOC2.0_N2700_F270_R4,U_WPA_L36_DOC2.0_WOC2.0_N2700_F270,4,U,A,36.0,2.0,2.0,2700,270,115,1,data/processed_feature_matrices/U_WPA_L36_DOC2.0_WOC2.0_N2700_F270_R4.mat,d1dc90e383c950413a0c3e692c599baf0730ce9e046fae5b757426d8f5aec57f,350,40,0
U_WPA_L36_DOC3.0_WOC1.0_N3600_F360_R1,U_WPA_L36_DOC3.0_WOC1.0_N3600_F360,1,U,A,36.0,3.0,1.0,3600,360,116,1,data/processed_feature_matrices/U_WPA_L36_DOC3.0_WOC1.0_N3600_F360_R1.mat,2b8d07dbdcf99abb28fbb64bfdde48e3cb0b407324173b658d11178cef378aab,350,40,0
U_WPA_L36_DOC3.0_WOC1.0_N3600_F360_R2,U_WPA_L36_DOC3.0_WOC1.0_N3600_F360,2,U,A,36.0,3.0,1.0,3600,360,117,1,data/processed_feature_matrices/U_WPA_L36_DOC3.0_WOC1.0_N3600_F360_R2.mat,99d356bec85abce81b3bf3453bd7dba1474054c8f755bfa785dc44520514f718,350,40,0
U_WPA_L36_DOC3.0_WOC1.0_N3600_F360_R3,U_WPA_L36_DOC3.0_WOC1.0_N3600_F360,3,U,A,36.0,3.0,1.0,3600,360,118,1,data/processed_feature_matrices/U_WPA_L36_DOC3.0_WOC1.0_N3600_F360_R3.mat,2b3118cc4a2056559fdd038b05d02d332e7c08ae788ccb67a708a15166601d8b,350,40,0
U_WPA_L36_DOC3.0_WOC1.0_N3600_F360_R4,U_WPA_L36_DOC3.0_WOC1.0_N3600_F360,4,U,A,36.0,3.0,1.0,3600,360,119,1,data/processed_feature_matrices/U_WPA_L36_DOC3.0_WOC1.0_N3600_F360_R4.mat,e1ad0d663c3fe99719a84948af0ad5086a98e186d5d39a4c469d102eb1eba2fe,350,40,0
U_WPA_L36_DOC4.0_WOC2.0_N2700_F270_R1,U_WPA_L36_DOC4.0_WOC2.0_N2700_F270,1,U,A,36.0,4.0,2.0,2700,270,120,1,data/processed_feature_matrices/U_WPA_L36_DOC4.0_WOC2.0_N2700_F270_R1.mat,c6adcb11e2bf98d0cf79384d394f1d55e1e21db46d22ee94ce755d86bd747994,350,40,0
U_WPA_L36_DOC4.0_WOC2.0_N2700_F270_R2,U_WPA_L36_DOC4.0_WOC2.0_N2700_F270,2,U,A,36.0,4.0,2.0,2700,270,121,1,data/processed_feature_matrices/U_WPA_L36_DOC4.0_WOC2.0_N2700_F270_R2.mat,0397fe98b2e0f454948bb71a676e5343da2e459faf388043f47616e3d62e4fa9,350,40,0
U_WPA_L36_DOC4.0_WOC2.0_N2700_F270_R3,U_WPA_L36_DOC4.0_WOC2.0_N2700_F270,3,U,A,36.0,4.0,2.0,2700,270,122,1,data/processed_feature_matrices/U_WPA_L36_DOC4.0_WOC2.0_N2700_F270_R3.mat,d90d8c9c62084ff9c082bb81ed42472a14c6089da7f58c77495b6b01db17df66,350,40,0
U_WPA_L36_DOC4.0_WOC2.0_N2700_F270_R4,U_WPA_L36_DOC4.0_WOC2.0_N2700_F270,4,U,A,36.0,4.0,2.0,2700,270,123,1,data/processed_feature_matrices/U_WPA_L36_DOC4.0_WOC2.0_N2700_F270_R4.mat,c07034c4510a9f1f3ec98e7f14987ccc991df4a1f98ece85b902dc0368174c31,350,40,0
U_WPB_L56_DOC2.0_WOC1.0_N1800_F180_R1,U_WPB_L56_DOC2.0_WOC1.0_N1800_F180,1,U,B,56.0,2.0,1.0,1800,180,124,1,data/processed_feature_matrices/U_WPB_L56_DOC2.0_WOC1.0_N1800_F180_R1.mat,3720d1dbf6da167d62b02aea19df4073eaf31c4fbd68eb435d5de50084cd0bca,350,40,0
U_WPB_L56_DOC2.0_WOC1.0_N1800_F180_R2,U_WPB_L56_DOC2.0_WOC1.0_N1800_F180,2,U,B,56.0,2.0,1.0,1800,180,125,1,data/processed_feature_matrices/U_WPB_L56_DOC2.0_WOC1.0_N1800_F180_R2.mat,3fa6ab5ad09bf2b51dd1b0f5ec4bd310968cedafb8f13f766a59f80d0bbc77a0,350,40,0
U_WPB_L56_DOC2.0_WOC1.0_N1800_F180_R3,U_WPB_L56_DOC2.0_WOC1.0_N1800_F180,3,U,B,56.0,2.0,1.0,1800,180,126,1,data/processed_feature_matrices/U_WPB_L56_DOC2.0_WOC1.0_N1800_F180_R3.mat,9ffaaac5788cefe152325c9e6f461dc80e59a453b555f67a1abfdf6644270adc,350,40,0
U_WPB_L56_DOC2.0_WOC1.0_N1800_F180_R4,U_WPB_L56_DOC2.0_WOC1.0_N1800_F180,4,U,B,56.0,2.0,1.0,1800,180,127,1,data/processed_feature_matrices/U_WPB_L56_DOC2.0_WOC1.0_N1800_F180_R4.mat,8bac1a4cd69c643a604e5251553b3225f637be4a06fc81d0e129ab04406d8f2c,350,40,0
U_WPB_L56_DOC2.0_WOC1.0_N2700_F270_R1,U_WPB_L56_DOC2.0_WOC1.0_N2700_F270,1,U,B,56.0,2.0,1.0,2700,270,128,1,data/processed_feature_matrices/U_WPB_L56_DOC2.0_WOC1.0_N2700_F270_R1.mat,c778a09d8766e4f8d04fccc2611f451f9f4ebf01bc532714ecb7898cc302c732,350,40,0
U_WPB_L56_DOC2.0_WOC1.0_N2700_F270_R2,U_WPB_L56_DOC2.0_WOC1.0_N2700_F270,2,U,B,56.0,2.0,1.0,2700,270,129,1,data/processed_feature_matrices/U_WPB_L56_DOC2.0_WOC1.0_N2700_F270_R2.mat,1c7a138cb4a4e6de67d0abae988b6c575f0024c50049b17af09433a30f91f050,350,40,0
U_WPB_L56_DOC2.0_WOC1.0_N2700_F270_R3,U_WPB_L56_DOC2.0_WOC1.0_N2700_F270,3,U,B,56.0,2.0,1.0,2700,270,130,1,data/processed_feature_matrices/U_WPB_L56_DOC2.0_WOC1.0_N2700_F270_R3.mat,d2e0cf316894603869a3d8e7a7c656040a250b1f96a800b51a01e3eb8eab481d,350,40,0
U_WPB_L56_DOC2.0_WOC1.0_N2700_F270_R4,U_WPB_L56_DOC2.0_WOC1.0_N2700_F270,4,U,B,56.0,2.0,1.0,2700,270,131,1,data/processed_feature_matrices/U_WPB_L56_DOC2.0_WOC1.0_N2700_F270_R4.mat,4711d87b5a8bb097b3a9c331efd24e2022fe29217fa8ecf7ef0660d4a9af68cb,350,40,0
U_WPB_L56_DOC2.0_WOC1.0_N3600_F360_R1,U_WPB_L56_DOC2.0_WOC1.0_N3600_F360,1,U,B,56.0,2.0,1.0,3600,360,132,1,data/processed_feature_matrices/U_WPB_L56_DOC2.0_WOC1.0_N3600_F360_R1.mat,27b46239e5fc3ca238f724ab9ee48745613405c8db8c2cb4e9e20b0451ab0e7a,350,40,0
U_WPB_L56_DOC2.0_WOC1.0_N3600_F360_R2,U_WPB_L56_DOC2.0_WOC1.0_N3600_F360,2,U,B,56.0,2.0,1.0,3600,360,133,1,data/processed_feature_matrices/U_WPB_L56_DOC2.0_WOC1.0_N3600_F360_R2.mat,a512cebe4be5c9627f27728af7a234056db20ca4cc0efb8d23be72b818838ca7,350,40,0
U_WPB_L56_DOC2.0_WOC1.0_N3600_F360_R3,U_WPB_L56_DOC2.0_WOC1.0_N3600_F360,3,U,B,56.0,2.0,1.0,3600,360,134,1,data/processed_feature_matrices/U_WPB_L56_DOC2.0_WOC1.0_N3600_F360_R3.mat,07f2585d045f659feedd280cd4ce1ce81049bc0e02c1df5df3dac0d8296555fa,350,40,0
U_WPB_L56_DOC2.0_WOC1.0_N3600_F360_R4,U_WPB_L56_DOC2.0_WOC1.0_N3600_F360,4,U,B,56.0,2.0,1.0,3600,360,135,1,data/processed_feature_matrices/U_WPB_L56_DOC2.0_WOC1.0_N3600_F360_R4.mat,e413d929e6b9c9052b54057ed3aae6697530fd3fe5fb5005065ba6efb03abaf8,350,40,0
U_WPB_L56_DOC2.0_WOC2.0_N2700_F270_R1,U_WPB_L56_DOC2.0_WOC2.0_N2700_F270,1,U,B,56.0,2.0,2.0,2700,270,136,1,data/processed_feature_matrices/U_WPB_L56_DOC2.0_WOC2.0_N2700_F270_R1.mat,c00e5afaa63f4f4b26ec4a1d0e174ee514446051162bf48ad7d34cf908695315,350,40,0
U_WPB_L56_DOC2.0_WOC2.0_N2700_F270_R2,U_WPB_L56_DOC2.0_WOC2.0_N2700_F270,2,U,B,56.0,2.0,2.0,2700,270,137,1,data/processed_feature_matrices/U_WPB_L56_DOC2.0_WOC2.0_N2700_F270_R2.mat,567766ff9e6d000fd9ac49bcdfb5710e87219e6073e43fa7d5e24bf053340e21,350,40,0
U_WPB_L56_DOC2.0_WOC2.0_N2700_F270_R3,U_WPB_L56_DOC2.0_WOC2.0_N2700_F270,3,U,B,56.0,2.0,2.0,2700,270,138,1,data/processed_feature_matrices/U_WPB_L56_DOC2.0_WOC2.0_N2700_F270_R3.mat,1f9d46851a5388915cbf0e169d8959072d6ebd5975873b7ce552d45e27e22d9c,350,40,0
U_WPB_L56_DOC2.0_WOC2.0_N2700_F270_R4,U_WPB_L56_DOC2.0_WOC2.0_N2700_F270,4,U,B,56.0,2.0,2.0,2700,270,139,1,data/processed_feature_matrices/U_WPB_L56_DOC2.0_WOC2.0_N2700_F270_R4.mat,489e0b8c456fbbe6e1f0b6b2272147b29e01acf97bd1e0df235da9136826585d,350,40,0
U_WPB_L56_DOC3.0_WOC1.0_N1800_F180_R1,U_WPB_L56_DOC3.0_WOC1.0_N1800_F180,1,U,B,56.0,3.0,1.0,1800,180,140,1,data/processed_feature_matrices/U_WPB_L56_DOC3.0_WOC1.0_N1800_F180_R1.mat,b53ed6a6e89eaf71d22e1b49d160d5e3d8b3f043400c026e317b3ab26600ac60,350,40,0
U_WPB_L56_DOC3.0_WOC1.0_N1800_F180_R2,U_WPB_L56_DOC3.0_WOC1.0_N1800_F180,2,U,B,56.0,3.0,1.0,1800,180,141,1,data/processed_feature_matrices/U_WPB_L56_DOC3.0_WOC1.0_N1800_F180_R2.mat,386f4d9fe51a8456fd71c631e1313ed682874c89db0a37801063f7c3d0524315,350,40,0
U_WPB_L56_DOC3.0_WOC1.0_N1800_F180_R3,U_WPB_L56_DOC3.0_WOC1.0_N1800_F180,3,U,B,56.0,3.0,1.0,1800,180,142,1,data/processed_feature_matrices/U_WPB_L56_DOC3.0_WOC1.0_N1800_F180_R3.mat,4988ffbc4def2d2416d4ba355a94c786689709ea8860f612c333a12b652f9477,350,40,0
U_WPB_L56_DOC3.0_WOC1.0_N1800_F180_R4,U_WPB_L56_DOC3.0_WOC1.0_N1800_F180,4,U,B,56.0,3.0,1.0,1800,180,143,1,data/processed_feature_matrices/U_WPB_L56_DOC3.0_WOC1.0_N1800_F180_R4.mat,b9ffb6b83d8dda0f2c294f3e8560b9e2ff7d90ef1f64f113371c7fda3592cbfb,350,40,0
U_WPB_L56_DOC3.0_WOC1.0_N3600_F360_R1,U_WPB_L56_DOC3.0_WOC1.0_N3600_F360,1,U,B,56.0,3.0,1.0,3600,360,144,1,data/processed_feature_matrices/U_WPB_L56_DOC3.0_WOC1.0_N3600_F360_R1.mat,0a283cd8a1f4a9385169e62961d97bc242036e3261885ab55ef960f4c3589073,350,40,0
U_WPB_L56_DOC3.0_WOC1.0_N3600_F360_R2,U_WPB_L56_DOC3.0_WOC1.0_N3600_F360,2,U,B,56.0,3.0,1.0,3600,360,145,1,data/processed_feature_matrices/U_WPB_L56_DOC3.0_WOC1.0_N3600_F360_R2.mat,f28719633754e84c2d8df82901cafdbcf2ec3b9635393684ff00d6e03b1af24c,350,40,0
U_WPB_L56_DOC3.0_WOC1.0_N3600_F360_R3,U_WPB_L56_DOC3.0_WOC1.0_N3600_F360,3,U,B,56.0,3.0,1.0,3600,360,146,1,data/processed_feature_matrices/U_WPB_L56_DOC3.0_WOC1.0_N3600_F360_R3.mat,20f58b62e7a31421ba53a028f288b94e1e1153dec2961c1a8b6538f21ee58434,350,40,0
U_WPB_L56_DOC3.0_WOC1.0_N3600_F360_R4,U_WPB_L56_DOC3.0_WOC1.0_N3600_F360,4,U,B,56.0,3.0,1.0,3600,360,147,1,data/processed_feature_matrices/U_WPB_L56_DOC3.0_WOC1.0_N3600_F360_R4.mat,e46cb733558973dacb9367f10cf41f6f90757f0c56930ea75e3cd00ad195d7f4,350,40,0
U_WPB_L56_DOC4.0_WOC1.0_N2700_F270_R1,U_WPB_L56_DOC4.0_WOC1.0_N2700_F270,1,U,B,56.0,4.0,1.0,2700,270,148,1,data/processed_feature_matrices/U_WPB_L56_DOC4.0_WOC1.0_N2700_F270_R1.mat,031319e78b3d1182f96247d90b256d62cf07de4b6b73e3e1207084579376c470,350,40,0
U_WPB_L56_DOC4.0_WOC1.0_N2700_F270_R2,U_WPB_L56_DOC4.0_WOC1.0_N2700_F270,2,U,B,56.0,4.0,1.0,2700,270,149,1,data/processed_feature_matrices/U_WPB_L56_DOC4.0_WOC1.0_N2700_F270_R2.mat,e139ce2517cb4eeaa243fa46b79a2b04efc7d92a58465406a22cdc136242aa41,350,40,0
U_WPB_L56_DOC4.0_WOC1.0_N2700_F270_R3,U_WPB_L56_DOC4.0_WOC1.0_N2700_F270,3,U,B,56.0,4.0,1.0,2700,270,150,1,data/processed_feature_matrices/U_WPB_L56_DOC4.0_WOC1.0_N2700_F270_R3.mat,52093a2dcab43f7809adce0394518dedb4afea7dd543c4f05888851267a4e9d6,273,40,0
U_WPB_L56_DOC4.0_WOC1.0_N2700_F270_R4,U_WPB_L56_DOC4.0_WOC1.0_N2700_F270,4,U,B,56.0,4.0,1.0,2700,270,151,1,data/processed_feature_matrices/U_WPB_L56_DOC4.0_WOC1.0_N2700_F270_R4.mat,c63c4166650a9b5555f97e3646258ab12ebb14650ce256e3176752f9aecddaff,350,40,0
U_WPB_L56_DOC4.0_WOC2.0_N2700_F270_R1,U_WPB_L56_DOC4.0_WOC2.0_N2700_F270,1,U,B,56.0,4.0,2.0,2700,270,152,1,data/processed_feature_matrices/U_WPB_L56_DOC4.0_WOC2.0_N2700_F270_R1.mat,b4af290592f9f9ff0cc1358c36ee12acfab20090149b6ebfed3ccd8888dadfd2,350,40,0
U_WPB_L56_DOC4.0_WOC2.0_N2700_F270_R2,U_WPB_L56_DOC4.0_WOC2.0_N2700_F270,2,U,B,56.0,4.0,2.0,2700,270,153,1,data/processed_feature_matrices/U_WPB_L56_DOC4.0_WOC2.0_N2700_F270_R2.mat,2c82032629ef4229b990f3507a8dc588c61b2a96e9b9dff769029e06b0b06e55,350,40,0
U_WPB_L56_DOC4.0_WOC2.0_N2700_F270_R3,U_WPB_L56_DOC4.0_WOC2.0_N2700_F270,3,U,B,56.0,4.0,2.0,2700,270,154,1,data/processed_feature_matrices/U_WPB_L56_DOC4.0_WOC2.0_N2700_F270_R3.mat,fe87bc9ba7659f454354177425e29c121088e9c1b7baaf5453167bdcd6640d0c,350,40,0
U_WPB_L56_DOC4.0_WOC2.0_N2700_F270_R4,U_WPB_L56_DOC4.0_WOC2.0_N2700_F270,4,U,B,56.0,4.0,2.0,2700,270,155,1,data/processed_feature_matrices/U_WPB_L56_DOC4.0_WOC2.0_N2700_F270_R4.mat,7bc73a89457434ada1bf22677f1a0949b1ec498180c7ee705fc3987ebc5431cc,350,40,0
U_WPB_L56_DOC6.0_WOC1.0_N2700_F270_R1,U_WPB_L56_DOC6.0_WOC1.0_N2700_F270,1,U,B,56.0,6.0,1.0,2700,270,156,1,data/processed_feature_matrices/U_WPB_L56_DOC6.0_WOC1.0_N2700_F270_R1.mat,d428b9f70ebf3d7785c8f062129de514a63db3aa257f0e0af0bca948aefa1fcb,350,40,0
U_WPB_L56_DOC6.0_WOC1.0_N2700_F270_R2,U_WPB_L56_DOC6.0_WOC1.0_N2700_F270,2,U,B,56.0,6.0,1.0,2700,270,157,1,data/processed_feature_matrices/U_WPB_L56_DOC6.0_WOC1.0_N2700_F270_R2.mat,45eae6f2d2e774b189c101d072be2444cde42b4a53d62241bf0f6d2ce28868d0,350,40,0
U_WPB_L56_DOC6.0_WOC1.0_N2700_F270_R3,U_WPB_L56_DOC6.0_WOC1.0_N2700_F270,3,U,B,56.0,6.0,1.0,2700,270,158,1,data/processed_feature_matrices/U_WPB_L56_DOC6.0_WOC1.0_N2700_F270_R3.mat,add173fc31f2fa39dbf38617e8c221435494686fa97edfea90251a4a7b17103a,350,40,0
U_WPB_L56_DOC6.0_WOC1.0_N2700_F270_R4,U_WPB_L56_DOC6.0_WOC1.0_N2700_F270,4,U,B,56.0,6.0,1.0,2700,270,159,1,data/processed_feature_matrices/U_WPB_L56_DOC6.0_WOC1.0_N2700_F270_R4.mat,21a1e17e484ec9abad2adb3f53ebc5c8f9b51dae03186c8f4cbb188ac3e8e114,350,40,0
