"split","repeat","fold","seed","budget","m","method","stage","uniform_J_alpha","J_synthetic_final","source"
"0","0","0","11","0.1","12","Facility Location","uniform observed subset before weights and swaps","0.01312803841567162","","reused validated 10% ablation"
"0","0","0","11","0.1","12","MRDS","uniform observed subset before weights and swaps","0.007523799151945744","0.002812515380807488","reused validated 10% ablation"
"0","0","0","11","0.1","12","W2-k-medoids","uniform observed subset before weights and swaps","0.011664131781808439","","reused validated 10% ablation"
"1","0","1","11","0.1","12","Facility Location","uniform observed subset before weights and swaps","0.02300914972915268","","reused validated 10% ablation"
"1","0","1","11","0.1","12","MRDS","uniform observed subset before weights and swaps","0.017972649178609006","0.002416841367981416","reused validated 10% ablation"
"1","0","1","11","0.1","12","W2-k-medoids","uniform observed subset before weights and swaps","0.022474501601407335","","reused validated 10% ablation"
"2","0","2","11","0.1","12","Facility Location","uniform observed subset before weights and swaps","0.013074502146451871","","reused validated 10% ablation"
"2","0","2","11","0.1","12","MRDS","uniform observed subset before weights and swaps","0.007357629018971965","0.002731807139628855","reused validated 10% ablation"
"2","0","2","11","0.1","12","W2-k-medoids","uniform observed subset before weights and swaps","0.008787948616655708","","reused validated 10% ablation"
"3","0","3","11","0.1","12","Facility Location","uniform observed subset before weights and swaps","0.008845741878341452","","reused validated 10% ablation"
"3","0","3","11","0.1","12","MRDS","uniform observed subset before weights and swaps","0.013612575087465386","7.65014885030913e-06","reused validated 10% ablation"
"3","0","3","11","0.1","12","W2-k-medoids","uniform observed subset before weights and swaps","0.007100501629456738","","reused validated 10% ablation"
"4","1","0","23","0.1","12","Facility Location","uniform observed subset before weights and swaps","0.013424219287003382","","reused validated 10% ablation"
"4","1","0","23","0.1","12","MRDS","uniform observed subset before weights and swaps","0.010051395191057853","0.0016504175603728336","reused validated 10% ablation"
"4","1","0","23","0.1","12","W2-k-medoids","uniform observed subset before weights and swaps","0.012302481310034639","","reused validated 10% ablation"
"5","1","1","23","0.1","12","Facility Location","uniform observed subset before weights and swaps","0.017847336432373406","","reused validated 10% ablation"
"5","1","1","23","0.1","12","MRDS","uniform observed subset before weights and swaps","0.009118046105685406","0.001578849040802311","reused validated 10% ablation"
"5","1","1","23","0.1","12","W2-k-medoids","uniform observed subset before weights and swaps","0.011148975811109435","","reused validated 10% ablation"
"6","1","2","23","0.1","12","Facility Location","uniform observed subset before weights and swaps","0.01964654483224398","","reused validated 10% ablation"
"6","1","2","23","0.1","12","MRDS","uniform observed subset before weights and swaps","0.01744727541264211","0.002235553154586524","reused validated 10% ablation"
"6","1","2","23","0.1","12","W2-k-medoids","uniform observed subset before weights and swaps","0.01634565679167154","","reused validated 10% ablation"
"7","1","3","23","0.1","12","Facility Location","uniform observed subset before weights and swaps","0.011401761697195461","","reused validated 10% ablation"
"7","1","3","23","0.1","12","MRDS","uniform observed subset before weights and swaps","0.008146010815680282","0.00274678018257728","reused validated 10% ablation"
"7","1","3","23","0.1","12","W2-k-medoids","uniform observed subset before weights and swaps","0.01148562494010733","","reused validated 10% ablation"
"8","2","0","37","0.1","12","Facility Location","uniform observed subset before weights and swaps","0.010159097411616759","","reused validated 10% ablation"
"8","2","0","37","0.1","12","MRDS","uniform observed subset before weights and swaps","0.0032774099465296305","0.0022735359651976936","reused validated 10% ablation"
"8","2","0","37","0.1","12","W2-k-medoids","uniform observed subset before weights and swaps","0.005155702451451936","","reused validated 10% ablation"
"9","2","1","37","0.1","12","Facility Location","uniform observed subset before weights and swaps","0.018909409360045204","","reused validated 10% ablation"
"9","2","1","37","0.1","12","MRDS","uniform observed subset before weights and swaps","0.014220878626870603","0.00372159882163438","reused validated 10% ablation"
"9","2","1","37","0.1","12","W2-k-medoids","uniform observed subset before weights and swaps","0.01655564177921377","","reused validated 10% ablation"
"10","2","2","37","0.1","12","Facility Location","uniform observed subset before weights and swaps","0.01465487668421639","","reused validated 10% ablation"
"10","2","2","37","0.1","12","MRDS","uniform observed subset before weights and swaps","0.018940960516295888","0.0023902183092034224","reused validated 10% ablation"
"10","2","2","37","0.1","12","W2-k-medoids","uniform observed subset before weights and swaps","0.017869356612627115","","reused validated 10% ablation"
"11","2","3","37","0.1","12","Facility Location","uniform observed subset before weights and swaps","0.017460163022535603","","reused validated 10% ablation"
"11","2","3","37","0.1","12","MRDS","uniform observed subset before weights and swaps","0.016131760274202912","0.0018663397175668255","reused validated 10% ablation"
"11","2","3","37","0.1","12","W2-k-medoids","uniform observed subset before weights and swaps","0.015271941812467908","","reused validated 10% ablation"
"12","3","0","53","0.1","12","Facility Location","uniform observed subset before weights and swaps","0.012512775099002175","","reused validated 10% ablation"
"12","3","0","53","0.1","12","MRDS","uniform observed subset before weights and swaps","0.009133657484407361","0.002808252252843197","reused validated 10% ablation"
"12","3","0","53","0.1","12","W2-k-medoids","uniform observed subset before weights and swaps","0.011633572272432125","","reused validated 10% ablation"
"13","3","1","53","0.1","12","Facility Location","uniform observed subset before weights and swaps","0.011881383372959839","","reused validated 10% ablation"
"13","3","1","53","0.1","12","MRDS","uniform observed subset before weights and swaps","0.010170939970037292","0.0015807055822953148","reused validated 10% ablation"
"13","3","1","53","0.1","12","W2-k-medoids","uniform observed subset before weights and swaps","0.012285516106685707","","reused validated 10% ablation"
"14","3","2","53","0.1","12","Facility Location","uniform observed subset before weights and swaps","0.011331886261266784","","reused validated 10% ablation"
"14","3","2","53","0.1","12","MRDS","uniform observed subset before weights and swaps","0.019779415876685285","0.0021256790788738334","reused validated 10% ablation"
"14","3","2","53","0.1","12","W2-k-medoids","uniform observed subset before weights and swaps","0.011556144356310328","","reused validated 10% ablation"
"15","3","3","53","0.1","12","Facility Location","uniform observed subset before weights and swaps","0.012855007733034916","","reused validated 10% ablation"
"15","3","3","53","0.1","12","MRDS","uniform observed subset before weights and swaps","0.009031254350408751","0.0016995061970366064","reused validated 10% ablation"
"15","3","3","53","0.1","12","W2-k-medoids","uniform observed subset before weights and swaps","0.014945684516135132","","reused validated 10% ablation"
"16","4","0","71","0.1","12","Facility Location","uniform observed subset before weights and swaps","0.013545762798188627","","reused validated 10% ablation"
"16","4","0","71","0.1","12","MRDS","uniform observed subset before weights and swaps","0.019027061106839525","0.002177106657881804","reused validated 10% ablation"
"16","4","0","71","0.1","12","W2-k-medoids","uniform observed subset before weights and swaps","0.013161586105627622","","reused validated 10% ablation"
"17","4","1","71","0.1","12","Facility Location","uniform observed subset before weights and swaps","0.01074107811103341","","reused validated 10% ablation"
"17","4","1","71","0.1","12","MRDS","uniform observed subset before weights and swaps","0.007615144889413306","0.001562047632940242","reused validated 10% ablation"
"17","4","1","71","0.1","12","W2-k-medoids","uniform observed subset before weights and swaps","0.011765256770928824","","reused validated 10% ablation"
"18","4","2","71","0.1","12","Facility Location","uniform observed subset before weights and swaps","0.012935755159929946","","reused validated 10% ablation"
"18","4","2","71","0.1","12","MRDS","uniform observed subset before weights and swaps","0.00699215797279663","0.0014126827517856198","reused validated 10% ablation"
"18","4","2","71","0.1","12","W2-k-medoids","uniform observed subset before weights and swaps","0.010524884164461403","","reused validated 10% ablation"
"19","4","3","71","0.1","12","Facility Location","uniform observed subset before weights and swaps","0.013105585737544315","","reused validated 10% ablation"
"19","4","3","71","0.1","12","MRDS","uniform observed subset before weights and swaps","0.01212316854585697","0.0036845245388483485","reused validated 10% ablation"
"19","4","3","71","0.1","12","W2-k-medoids","uniform observed subset before weights and swaps","0.014453223133837729","","reused validated 10% ablation"
