split,repeat,fold,seed,budget,m,method,stage,uniform_J_alpha,J_synthetic_final,source
0,0,0,11,0.1,12,Facility Location,uniform observed subset,0.01312803841567162,,final primary 10% evaluation
0,0,0,11,0.1,12,MRDS,uniform observed subset,0.007523799151945744,0.002812515380807488,final primary 10% evaluation
0,0,0,11,0.1,12,W2-k-medoids,uniform observed subset,0.011664131781808439,,final primary 10% evaluation
1,0,1,11,0.1,12,Facility Location,uniform observed subset,0.02300914972915268,,final primary 10% evaluation
1,0,1,11,0.1,12,MRDS,uniform observed subset,0.017972649178609006,0.002416841367981416,final primary 10% evaluation
1,0,1,11,0.1,12,W2-k-medoids,uniform observed subset,0.022474501601407335,,final primary 10% evaluation
2,0,2,11,0.1,12,Facility Location,uniform observed subset,0.013074502146451871,,final primary 10% evaluation
2,0,2,11,0.1,12,MRDS,uniform observed subset,0.007357629018971965,0.002731807139628855,final primary 10% evaluation
2,0,2,11,0.1,12,W2-k-medoids,uniform observed subset,0.008787948616655708,,final primary 10% evaluation
3,0,3,11,0.1,12,Facility Location,uniform observed subset,0.008845741878341452,,final primary 10% evaluation
3,0,3,11,0.1,12,MRDS,uniform observed subset,0.013612575087465386,7.65014885030913e-06,final primary 10% evaluation
3,0,3,11,0.1,12,W2-k-medoids,uniform observed subset,0.007100501629456738,,final primary 10% evaluation
4,1,0,23,0.1,12,Facility Location,uniform observed subset,0.013424219287003382,,final primary 10% evaluation
4,1,0,23,0.1,12,MRDS,uniform observed subset,0.010051395191057853,0.0016504175603728336,final primary 10% evaluation
4,1,0,23,0.1,12,W2-k-medoids,uniform observed subset,0.012302481310034639,,final primary 10% evaluation
5,1,1,23,0.1,12,Facility Location,uniform observed subset,0.017847336432373406,,final primary 10% evaluation
5,1,1,23,0.1,12,MRDS,uniform observed subset,0.009118046105685406,0.001578849040802311,final primary 10% evaluation
5,1,1,23,0.1,12,W2-k-medoids,uniform observed subset,0.011148975811109435,,final primary 10% evaluation
6,1,2,23,0.1,12,Facility Location,uniform observed subset,0.01964654483224398,,final primary 10% evaluation
6,1,2,23,0.1,12,MRDS,uniform observed subset,0.01744727541264211,0.002235553154586524,final primary 10% evaluation
6,1,2,23,0.1,12,W2-k-medoids,uniform observed subset,0.01634565679167154,,final primary 10% evaluation
7,1,3,23,0.1,12,Facility Location,uniform observed subset,0.011401761697195461,,final primary 10% evaluation
7,1,3,23,0.1,12,MRDS,uniform observed subset,0.008146010815680282,0.00274678018257728,final primary 10% evaluation
7,1,3,23,0.1,12,W2-k-medoids,uniform observed subset,0.01148562494010733,,final primary 10% evaluation
8,2,0,37,0.1,12,Facility Location,uniform observed subset,0.010159097411616759,,final primary 10% evaluation
8,2,0,37,0.1,12,MRDS,uniform observed subset,0.0032774099465296305,0.0022735359651976936,final primary 10% evaluation
8,2,0,37,0.1,12,W2-k-medoids,uniform observed subset,0.005155702451451936,,final primary 10% evaluation
9,2,1,37,0.1,12,Facility Location,uniform observed subset,0.018909409360045204,,final primary 10% evaluation
9,2,1,37,0.1,12,MRDS,uniform observed subset,0.014220878626870603,0.00372159882163438,final primary 10% evaluation
9,2,1,37,0.1,12,W2-k-medoids,uniform observed subset,0.01655564177921377,,final primary 10% evaluation
10,2,2,37,0.1,12,Facility Location,uniform observed subset,0.01465487668421639,,final primary 10% evaluation
10,2,2,37,0.1,12,MRDS,uniform observed subset,0.018940960516295888,0.0023902183092034224,final primary 10% evaluation
10,2,2,37,0.1,12,W2-k-medoids,uniform observed subset,0.017869356612627115,,final primary 10% evaluation
11,2,3,37,0.1,12,Facility Location,uniform observed subset,0.017460163022535603,,final primary 10% evaluation
11,2,3,37,0.1,12,MRDS,uniform observed subset,0.016131760274202912,0.0018663397175668255,final primary 10% evaluation
11,2,3,37,0.1,12,W2-k-medoids,uniform observed subset,0.015271941812467908,,final primary 10% evaluation
12,3,0,53,0.1,12,Facility Location,uniform observed subset,0.012512775099002175,,final primary 10% evaluation
12,3,0,53,0.1,12,MRDS,uniform observed subset,0.009133657484407361,0.002808252252843197,final primary 10% evaluation
12,3,0,53,0.1,12,W2-k-medoids,uniform observed subset,0.011633572272432125,,final primary 10% evaluation
13,3,1,53,0.1,12,Facility Location,uniform observed subset,0.011881383372959839,,final primary 10% evaluation
13,3,1,53,0.1,12,MRDS,uniform observed subset,0.010170939970037292,0.0015807055822953148,final primary 10% evaluation
13,3,1,53,0.1,12,W2-k-medoids,uniform observed subset,0.012285516106685707,,final primary 10% evaluation
14,3,2,53,0.1,12,Facility Location,uniform observed subset,0.011331886261266784,,final primary 10% evaluation
14,3,2,53,0.1,12,MRDS,uniform observed subset,0.019779415876685285,0.0021256790788738334,final primary 10% evaluation
14,3,2,53,0.1,12,W2-k-medoids,uniform observed subset,0.011556144356310328,,final primary 10% evaluation
15,3,3,53,0.1,12,Facility Location,uniform observed subset,0.012855007733034916,,final primary 10% evaluation
15,3,3,53,0.1,12,MRDS,uniform observed subset,0.009031254350408751,0.0016995061970366064,final primary 10% evaluation
15,3,3,53,0.1,12,W2-k-medoids,uniform observed subset,0.014945684516135132,,final primary 10% evaluation
16,4,0,71,0.1,12,Facility Location,uniform observed subset,0.013545762798188627,,final primary 10% evaluation
16,4,0,71,0.1,12,MRDS,uniform observed subset,0.019027061106839525,0.002177106657881804,final primary 10% evaluation
16,4,0,71,0.1,12,W2-k-medoids,uniform observed subset,0.013161586105627622,,final primary 10% evaluation
17,4,1,71,0.1,12,Facility Location,uniform observed subset,0.01074107811103341,,final primary 10% evaluation
17,4,1,71,0.1,12,MRDS,uniform observed subset,0.007615144889413306,0.001562047632940242,final primary 10% evaluation
17,4,1,71,0.1,12,W2-k-medoids,uniform observed subset,0.011765256770928824,,final primary 10% evaluation
18,4,2,71,0.1,12,Facility Location,uniform observed subset,0.012935755159929946,,final primary 10% evaluation
18,4,2,71,0.1,12,MRDS,uniform observed subset,0.00699215797279663,0.0014126827517856198,final primary 10% evaluation
18,4,2,71,0.1,12,W2-k-medoids,uniform observed subset,0.010524884164461403,,final primary 10% evaluation
19,4,3,71,0.1,12,Facility Location,uniform observed subset,0.013105585737544315,,final primary 10% evaluation
19,4,3,71,0.1,12,MRDS,uniform observed subset,0.01212316854585697,0.0036845245388483485,final primary 10% evaluation
19,4,3,71,0.1,12,W2-k-medoids,uniform observed subset,0.014453223133837729,,final primary 10% evaluation
0,0,0,11,0.2,24,Facility Location,uniform observed subset,0.005400081826735679,,final structured retention evaluation
0,0,0,11,0.2,24,MRDS,uniform observed subset,0.00406629048883426,0.0008554760770528882,final structured retention evaluation
0,0,0,11,0.2,24,W2-k-medoids,uniform observed subset,0.006903274736015003,,final structured retention evaluation
1,0,1,11,0.2,24,Facility Location,uniform observed subset,0.01252320619868544,,final structured retention evaluation
1,0,1,11,0.2,24,MRDS,uniform observed subset,0.004857646351803497,0.0005618532818851778,final structured retention evaluation
1,0,1,11,0.2,24,W2-k-medoids,uniform observed subset,0.009225236509042313,,final structured retention evaluation
2,0,2,11,0.2,24,Facility Location,uniform observed subset,0.005965894759345742,,final structured retention evaluation
2,0,2,11,0.2,24,MRDS,uniform observed subset,0.002867548385765437,0.0008528080942857029,final structured retention evaluation
2,0,2,11,0.2,24,W2-k-medoids,uniform observed subset,0.005017843075339661,,final structured retention evaluation
3,0,3,11,0.2,24,Facility Location,uniform observed subset,0.016084271782473,,final structured retention evaluation
3,0,3,11,0.2,24,MRDS,uniform observed subset,0.003984804769542549,1.4267370108195315e-06,final structured retention evaluation
3,0,3,11,0.2,24,W2-k-medoids,uniform observed subset,0.0065769109469304326,,final structured retention evaluation
4,1,0,23,0.2,24,Facility Location,uniform observed subset,0.00898839134296601,,final structured retention evaluation
4,1,0,23,0.2,24,MRDS,uniform observed subset,0.0036123919277788108,0.0004942540283357218,final structured retention evaluation
4,1,0,23,0.2,24,W2-k-medoids,uniform observed subset,0.00703969964998865,,final structured retention evaluation
5,1,1,23,0.2,24,Facility Location,uniform observed subset,0.008073875270533075,,final structured retention evaluation
5,1,1,23,0.2,24,MRDS,uniform observed subset,0.0029735572913989223,0.00045863018752317436,final structured retention evaluation
5,1,1,23,0.2,24,W2-k-medoids,uniform observed subset,0.006893800007099064,,final structured retention evaluation
6,1,2,23,0.2,24,Facility Location,uniform observed subset,0.006981122834294854,,final structured retention evaluation
6,1,2,23,0.2,24,MRDS,uniform observed subset,0.004266230326815865,0.0005072262296504105,final structured retention evaluation
6,1,2,23,0.2,24,W2-k-medoids,uniform observed subset,0.005763272178341755,,final structured retention evaluation
7,1,3,23,0.2,24,Facility Location,uniform observed subset,0.007633557481362687,,final structured retention evaluation
7,1,3,23,0.2,24,MRDS,uniform observed subset,0.0027951301091618344,0.0008378654204140431,final structured retention evaluation
7,1,3,23,0.2,24,W2-k-medoids,uniform observed subset,0.004986020555846962,,final structured retention evaluation
8,2,0,37,0.2,24,Facility Location,uniform observed subset,0.006443226219031368,,final structured retention evaluation
8,2,0,37,0.2,24,MRDS,uniform observed subset,0.0013530457203002517,0.0007638208039326195,final structured retention evaluation
8,2,0,37,0.2,24,W2-k-medoids,uniform observed subset,0.003893061562678798,,final structured retention evaluation
9,2,1,37,0.2,24,Facility Location,uniform observed subset,0.013211326507667398,,final structured retention evaluation
9,2,1,37,0.2,24,MRDS,uniform observed subset,0.0044880982278813686,0.0009747637956868089,final structured retention evaluation
9,2,1,37,0.2,24,W2-k-medoids,uniform observed subset,0.0074863683183457605,,final structured retention evaluation
10,2,2,37,0.2,24,Facility Location,uniform observed subset,0.010880247520037903,,final structured retention evaluation
10,2,2,37,0.2,24,MRDS,uniform observed subset,0.004887656891171306,0.0005574333224895603,final structured retention evaluation
10,2,2,37,0.2,24,W2-k-medoids,uniform observed subset,0.008914215625957716,,final structured retention evaluation
11,2,3,37,0.2,24,Facility Location,uniform observed subset,0.008470030327154569,,final structured retention evaluation
11,2,3,37,0.2,24,MRDS,uniform observed subset,0.0041817438529281855,0.0004922147361325427,final structured retention evaluation
11,2,3,37,0.2,24,W2-k-medoids,uniform observed subset,0.007657904776664668,,final structured retention evaluation
12,3,0,53,0.2,24,Facility Location,uniform observed subset,0.008148523836692288,,final structured retention evaluation
12,3,0,53,0.2,24,MRDS,uniform observed subset,0.0034437774424977744,0.0008653644910605618,final structured retention evaluation
12,3,0,53,0.2,24,W2-k-medoids,uniform observed subset,0.007473143512079231,,final structured retention evaluation
13,3,1,53,0.2,24,Facility Location,uniform observed subset,0.0159571816312868,,final structured retention evaluation
13,3,1,53,0.2,24,MRDS,uniform observed subset,0.0030909100033067504,0.0004607240346818741,final structured retention evaluation
13,3,1,53,0.2,24,W2-k-medoids,uniform observed subset,0.009515437482111545,,final structured retention evaluation
14,3,2,53,0.2,24,Facility Location,uniform observed subset,0.009184153960513022,,final structured retention evaluation
14,3,2,53,0.2,24,MRDS,uniform observed subset,0.004451782657454506,0.0005066382698420655,final structured retention evaluation
14,3,2,53,0.2,24,W2-k-medoids,uniform observed subset,0.006582831943615812,,final structured retention evaluation
15,3,3,53,0.2,24,Facility Location,uniform observed subset,0.00968022716138836,,final structured retention evaluation
15,3,3,53,0.2,24,MRDS,uniform observed subset,0.0037925611933632614,0.00046474197818533873,final structured retention evaluation
15,3,3,53,0.2,24,W2-k-medoids,uniform observed subset,0.008844334416614415,,final structured retention evaluation
16,4,0,71,0.2,24,Facility Location,uniform observed subset,0.009709593233304382,,final structured retention evaluation
16,4,0,71,0.2,24,MRDS,uniform observed subset,0.00577302332481739,0.0005244666952649563,final structured retention evaluation
16,4,0,71,0.2,24,W2-k-medoids,uniform observed subset,0.007651276165438812,,final structured retention evaluation
17,4,1,71,0.2,24,Facility Location,uniform observed subset,0.008494202871184575,,final structured retention evaluation
17,4,1,71,0.2,24,MRDS,uniform observed subset,0.0028432356958705183,0.0004348770368393682,final structured retention evaluation
17,4,1,71,0.2,24,W2-k-medoids,uniform observed subset,0.004123206075037012,,final structured retention evaluation
18,4,2,71,0.2,24,Facility Location,uniform observed subset,0.008193591516136859,,final structured retention evaluation
18,4,2,71,0.2,24,MRDS,uniform observed subset,0.0029053287576963206,0.0004384773126285288,final structured retention evaluation
18,4,2,71,0.2,24,W2-k-medoids,uniform observed subset,0.007340438909048667,,final structured retention evaluation
19,4,3,71,0.2,24,Facility Location,uniform observed subset,0.011018223530765989,,final structured retention evaluation
19,4,3,71,0.2,24,MRDS,uniform observed subset,0.0038164398720325985,0.0009630820728115887,final structured retention evaluation
19,4,3,71,0.2,24,W2-k-medoids,uniform observed subset,0.007946542155673447,,final structured retention evaluation
0,0,0,11,0.3,36,Facility Location,uniform observed subset,0.0036637521446718758,,final structured retention evaluation
0,0,0,11,0.3,36,MRDS,uniform observed subset,0.0023292088567697503,0.00039216462045185414,final structured retention evaluation
0,0,0,11,0.3,36,W2-k-medoids,uniform observed subset,0.005569860540746289,,final structured retention evaluation
1,0,1,11,0.3,36,Facility Location,uniform observed subset,0.0036692592808440757,,final structured retention evaluation
1,0,1,11,0.3,36,MRDS,uniform observed subset,0.0028261443286419895,0.00023647532837653534,final structured retention evaluation
1,0,1,11,0.3,36,W2-k-medoids,uniform observed subset,0.004632516883800176,,final structured retention evaluation
2,0,2,11,0.3,36,Facility Location,uniform observed subset,0.002990052449238207,,final structured retention evaluation
2,0,2,11,0.3,36,MRDS,uniform observed subset,0.0018088324710715592,0.0003819740162869397,final structured retention evaluation
2,0,2,11,0.3,36,W2-k-medoids,uniform observed subset,0.0032785779677372254,,final structured retention evaluation
3,0,3,11,0.3,36,Facility Location,uniform observed subset,0.004559389305115762,,final structured retention evaluation
3,0,3,11,0.3,36,MRDS,uniform observed subset,0.0018874309330938021,7.131800009832912e-07,final structured retention evaluation
3,0,3,11,0.3,36,W2-k-medoids,uniform observed subset,0.007126255698245564,,final structured retention evaluation
4,1,0,23,0.3,36,Facility Location,uniform observed subset,0.004215965433917264,,final structured retention evaluation
4,1,0,23,0.3,36,MRDS,uniform observed subset,0.0017750765838161747,0.0002134700537274728,final structured retention evaluation
4,1,0,23,0.3,36,W2-k-medoids,uniform observed subset,0.004343771507146342,,final structured retention evaluation
5,1,1,23,0.3,36,Facility Location,uniform observed subset,0.0032799288975817313,,final structured retention evaluation
5,1,1,23,0.3,36,MRDS,uniform observed subset,0.0015865592138180503,0.00020852414382611475,final structured retention evaluation
5,1,1,23,0.3,36,W2-k-medoids,uniform observed subset,0.004611983087123112,,final structured retention evaluation
6,1,2,23,0.3,36,Facility Location,uniform observed subset,0.0054484302186340716,,final structured retention evaluation
6,1,2,23,0.3,36,MRDS,uniform observed subset,0.002373210756635085,0.00022024590601643588,final structured retention evaluation
6,1,2,23,0.3,36,W2-k-medoids,uniform observed subset,0.004567113975072476,,final structured retention evaluation
7,1,3,23,0.3,36,Facility Location,uniform observed subset,0.004248710068747966,,final structured retention evaluation
7,1,3,23,0.3,36,MRDS,uniform observed subset,0.0019567622397997507,0.0003833563109987353,final structured retention evaluation
7,1,3,23,0.3,36,W2-k-medoids,uniform observed subset,0.0052577270616757585,,final structured retention evaluation
8,2,0,37,0.3,36,Facility Location,uniform observed subset,0.004952333176245491,,final structured retention evaluation
8,2,0,37,0.3,36,MRDS,uniform observed subset,0.000789043456067696,0.00036741176660045374,final structured retention evaluation
8,2,0,37,0.3,36,W2-k-medoids,uniform observed subset,0.006477795599464369,,final structured retention evaluation
9,2,1,37,0.3,36,Facility Location,uniform observed subset,0.004652105659802218,,final structured retention evaluation
9,2,1,37,0.3,36,MRDS,uniform observed subset,0.0025747624827359484,0.00043181104281987817,final structured retention evaluation
9,2,1,37,0.3,36,W2-k-medoids,uniform observed subset,0.004377933463576988,,final structured retention evaluation
10,2,2,37,0.3,36,Facility Location,uniform observed subset,0.00491419995398336,,final structured retention evaluation
10,2,2,37,0.3,36,MRDS,uniform observed subset,0.002877225182048781,0.00023940021315833643,final structured retention evaluation
10,2,2,37,0.3,36,W2-k-medoids,uniform observed subset,0.004997986703051298,,final structured retention evaluation
11,2,3,37,0.3,36,Facility Location,uniform observed subset,0.0029785887927515605,,final structured retention evaluation
11,2,3,37,0.3,36,MRDS,uniform observed subset,0.002147867774350205,0.00021561520808944387,final structured retention evaluation
11,2,3,37,0.3,36,W2-k-medoids,uniform observed subset,0.0032985362078970406,,final structured retention evaluation
12,3,0,53,0.3,36,Facility Location,uniform observed subset,0.005173820476847965,,final structured retention evaluation
12,3,0,53,0.3,36,MRDS,uniform observed subset,0.0019952858920501285,0.00039793510631045835,final structured retention evaluation
12,3,0,53,0.3,36,W2-k-medoids,uniform observed subset,0.005483432936595862,,final structured retention evaluation
13,3,1,53,0.3,36,Facility Location,uniform observed subset,0.004729538873061138,,final structured retention evaluation
13,3,1,53,0.3,36,MRDS,uniform observed subset,0.0018001614666748149,0.00021202778256116766,final structured retention evaluation
13,3,1,53,0.3,36,W2-k-medoids,uniform observed subset,0.005183393245969515,,final structured retention evaluation
14,3,2,53,0.3,36,Facility Location,uniform observed subset,0.0034608682387284465,,final structured retention evaluation
14,3,2,53,0.3,36,MRDS,uniform observed subset,0.002557700788771995,0.0002188101242089656,final structured retention evaluation
14,3,2,53,0.3,36,W2-k-medoids,uniform observed subset,0.003971000483242653,,final structured retention evaluation
15,3,3,53,0.3,36,Facility Location,uniform observed subset,0.005131845940286216,,final structured retention evaluation
15,3,3,53,0.3,36,MRDS,uniform observed subset,0.002013244712399155,0.00020268347457520763,final structured retention evaluation
15,3,3,53,0.3,36,W2-k-medoids,uniform observed subset,0.005749828900373012,,final structured retention evaluation
16,4,0,71,0.3,36,Facility Location,uniform observed subset,0.004618334462730489,,final structured retention evaluation
16,4,0,71,0.3,36,MRDS,uniform observed subset,0.002318284304077568,0.00023009032932797072,final structured retention evaluation
16,4,0,71,0.3,36,W2-k-medoids,uniform observed subset,0.003324618325135804,,final structured retention evaluation
17,4,1,71,0.3,36,Facility Location,uniform observed subset,0.004383877288143536,,final structured retention evaluation
17,4,1,71,0.3,36,MRDS,uniform observed subset,0.0021155481618707755,0.00019435661664657516,final structured retention evaluation
17,4,1,71,0.3,36,W2-k-medoids,uniform observed subset,0.0061393795057832785,,final structured retention evaluation
18,4,2,71,0.3,36,Facility Location,uniform observed subset,0.0018694858854131577,,final structured retention evaluation
18,4,2,71,0.3,36,MRDS,uniform observed subset,0.0013998277849512028,0.00020280231306443573,final structured retention evaluation
18,4,2,71,0.3,36,W2-k-medoids,uniform observed subset,0.0021250068935141308,,final structured retention evaluation
19,4,3,71,0.3,36,Facility Location,uniform observed subset,0.006231153155990775,,final structured retention evaluation
19,4,3,71,0.3,36,MRDS,uniform observed subset,0.0023261039343126315,0.0004257795961110636,final structured retention evaluation
19,4,3,71,0.3,36,W2-k-medoids,uniform observed subset,0.006880242238650834,,final structured retention evaluation
0,0,0,11,0.4,48,Facility Location,uniform observed subset,0.004181119062597373,,final structured retention evaluation
0,0,0,11,0.4,48,MRDS,uniform observed subset,0.001483345484636744,0.00019637640292331768,final structured retention evaluation
0,0,0,11,0.4,48,W2-k-medoids,uniform observed subset,0.005236991234512431,,final structured retention evaluation
1,0,1,11,0.4,48,Facility Location,uniform observed subset,0.0045689885787380475,,final structured retention evaluation
1,0,1,11,0.4,48,MRDS,uniform observed subset,0.001338862174781783,0.00011675012017779845,final structured retention evaluation
1,0,1,11,0.4,48,W2-k-medoids,uniform observed subset,0.005254098612395404,,final structured retention evaluation
2,0,2,11,0.4,48,Facility Location,uniform observed subset,0.002844503792617627,,final structured retention evaluation
2,0,2,11,0.4,48,MRDS,uniform observed subset,0.0013302394519384086,0.00019417596618509812,final structured retention evaluation
2,0,2,11,0.4,48,W2-k-medoids,uniform observed subset,0.0023920737488989916,,final structured retention evaluation
3,0,3,11,0.4,48,Facility Location,uniform observed subset,0.004613354810266635,,final structured retention evaluation
3,0,3,11,0.4,48,MRDS,uniform observed subset,0.0010394052529910205,1.7286527394138466e-06,final structured retention evaluation
3,0,3,11,0.4,48,W2-k-medoids,uniform observed subset,0.005265783818829085,,final structured retention evaluation
4,1,0,23,0.4,48,Facility Location,uniform observed subset,0.0036980297349966,,final structured retention evaluation
4,1,0,23,0.4,48,MRDS,uniform observed subset,0.0013059759195342734,0.00010685874793966914,final structured retention evaluation
4,1,0,23,0.4,48,W2-k-medoids,uniform observed subset,0.0025964247387067776,,final structured retention evaluation
5,1,1,23,0.4,48,Facility Location,uniform observed subset,0.003634907285143708,,final structured retention evaluation
5,1,1,23,0.4,48,MRDS,uniform observed subset,0.0012065562320456795,0.00010567764501162844,final structured retention evaluation
5,1,1,23,0.4,48,W2-k-medoids,uniform observed subset,0.003700487996188168,,final structured retention evaluation
6,1,2,23,0.4,48,Facility Location,uniform observed subset,0.006056535391348154,,final structured retention evaluation
6,1,2,23,0.4,48,MRDS,uniform observed subset,0.001596679211609577,0.00010868739746979216,final structured retention evaluation
6,1,2,23,0.4,48,W2-k-medoids,uniform observed subset,0.00543030559684071,,final structured retention evaluation
7,1,3,23,0.4,48,Facility Location,uniform observed subset,0.006950077641836367,,final structured retention evaluation
7,1,3,23,0.4,48,MRDS,uniform observed subset,0.001331078732397171,0.0001939239099510294,final structured retention evaluation
7,1,3,23,0.4,48,W2-k-medoids,uniform observed subset,0.004664683587980339,,final structured retention evaluation
8,2,0,37,0.4,48,Facility Location,uniform observed subset,0.006580211806231678,,final structured retention evaluation
8,2,0,37,0.4,48,MRDS,uniform observed subset,0.0006234036105766114,0.00018305226960474224,final structured retention evaluation
8,2,0,37,0.4,48,W2-k-medoids,uniform observed subset,0.005728136150317397,,final structured retention evaluation
9,2,1,37,0.4,48,Facility Location,uniform observed subset,0.004509434207677882,,final structured retention evaluation
9,2,1,37,0.4,48,MRDS,uniform observed subset,0.0013763068501388863,0.0002166185886623287,final structured retention evaluation
9,2,1,37,0.4,48,W2-k-medoids,uniform observed subset,0.004602373916789261,,final structured retention evaluation
10,2,2,37,0.4,48,Facility Location,uniform observed subset,0.007588234274282561,,final structured retention evaluation
10,2,2,37,0.4,48,MRDS,uniform observed subset,0.0022844264856904492,0.00012029371798321358,final structured retention evaluation
10,2,2,37,0.4,48,W2-k-medoids,uniform observed subset,0.008076220926114484,,final structured retention evaluation
11,2,3,37,0.4,48,Facility Location,uniform observed subset,0.002427804173063872,,final structured retention evaluation
11,2,3,37,0.4,48,MRDS,uniform observed subset,0.001294541557577684,0.00010749438677216811,final structured retention evaluation
11,2,3,37,0.4,48,W2-k-medoids,uniform observed subset,0.002163306885325239,,final structured retention evaluation
12,3,0,53,0.4,48,Facility Location,uniform observed subset,0.005410900828197345,,final structured retention evaluation
12,3,0,53,0.4,48,MRDS,uniform observed subset,0.0011170956917963748,0.00020075616556681545,final structured retention evaluation
12,3,0,53,0.4,48,W2-k-medoids,uniform observed subset,0.004725152553913277,,final structured retention evaluation
13,3,1,53,0.4,48,Facility Location,uniform observed subset,0.005334701629750876,,final structured retention evaluation
13,3,1,53,0.4,48,MRDS,uniform observed subset,0.0009813396544834923,0.00010845419656364331,final structured retention evaluation
13,3,1,53,0.4,48,W2-k-medoids,uniform observed subset,0.004313543179315243,,final structured retention evaluation
14,3,2,53,0.4,48,Facility Location,uniform observed subset,0.004896382133998581,,final structured retention evaluation
14,3,2,53,0.4,48,MRDS,uniform observed subset,0.0016201446818476576,0.00010867841905685715,final structured retention evaluation
14,3,2,53,0.4,48,W2-k-medoids,uniform observed subset,0.005607272646219853,,final structured retention evaluation
15,3,3,53,0.4,48,Facility Location,uniform observed subset,0.0031746576220339023,,final structured retention evaluation
15,3,3,53,0.4,48,MRDS,uniform observed subset,0.0011481786633007547,0.0001021984145367906,final structured retention evaluation
15,3,3,53,0.4,48,W2-k-medoids,uniform observed subset,0.0032300779717527152,,final structured retention evaluation
16,4,0,71,0.4,48,Facility Location,uniform observed subset,0.005196305322973748,,final structured retention evaluation
16,4,0,71,0.4,48,MRDS,uniform observed subset,0.0015925880215310767,0.00011376112042499812,final structured retention evaluation
16,4,0,71,0.4,48,W2-k-medoids,uniform observed subset,0.0051654010055661925,,final structured retention evaluation
17,4,1,71,0.4,48,Facility Location,uniform observed subset,0.0030695967616800293,,final structured retention evaluation
17,4,1,71,0.4,48,MRDS,uniform observed subset,0.0011662500957402954,9.960051780258631e-05,final structured retention evaluation
17,4,1,71,0.4,48,W2-k-medoids,uniform observed subset,0.002426786924438687,,final structured retention evaluation
18,4,2,71,0.4,48,Facility Location,uniform observed subset,0.003026003829348123,,final structured retention evaluation
18,4,2,71,0.4,48,MRDS,uniform observed subset,0.0009528347364865723,0.0001036409007320276,final structured retention evaluation
18,4,2,71,0.4,48,W2-k-medoids,uniform observed subset,0.002799432989638638,,final structured retention evaluation
19,4,3,71,0.4,48,Facility Location,uniform observed subset,0.008057570222621591,,final structured retention evaluation
19,4,3,71,0.4,48,MRDS,uniform observed subset,0.0013128293336596181,0.0002120944340886841,final structured retention evaluation
19,4,3,71,0.4,48,W2-k-medoids,uniform observed subset,0.005065715383822524,,final structured retention evaluation
0,0,0,11,0.5,60,Facility Location,uniform observed subset,0.003173342193930464,,final structured retention evaluation
0,0,0,11,0.5,60,MRDS,uniform observed subset,0.0009756915246991519,0.0001944332789640425,final structured retention evaluation
0,0,0,11,0.5,60,W2-k-medoids,uniform observed subset,0.0034021277115851766,,final structured retention evaluation
1,0,1,11,0.5,60,Facility Location,uniform observed subset,0.003464409585542605,,final structured retention evaluation
1,0,1,11,0.5,60,MRDS,uniform observed subset,0.0008065156392981161,5.88073132594327e-05,final structured retention evaluation
1,0,1,11,0.5,60,W2-k-medoids,uniform observed subset,0.003106671017595549,,final structured retention evaluation
2,0,2,11,0.5,60,Facility Location,uniform observed subset,0.0025347591998898093,,final structured retention evaluation
2,0,2,11,0.5,60,MRDS,uniform observed subset,0.0007156404316805086,0.0001002042830586254,final structured retention evaluation
2,0,2,11,0.5,60,W2-k-medoids,uniform observed subset,0.0025803566232922605,,final structured retention evaluation
3,0,3,11,0.5,60,Facility Location,uniform observed subset,0.0063403474430450395,,final structured retention evaluation
3,0,3,11,0.5,60,MRDS,uniform observed subset,0.0005527211758578667,2.4887204597803214e-07,final structured retention evaluation
3,0,3,11,0.5,60,W2-k-medoids,uniform observed subset,0.005637721353337224,,final structured retention evaluation
4,1,0,23,0.5,60,Facility Location,uniform observed subset,0.002863439091330678,,final structured retention evaluation
4,1,0,23,0.5,60,MRDS,uniform observed subset,0.0007579246020738647,5.538942058254915e-05,final structured retention evaluation
4,1,0,23,0.5,60,W2-k-medoids,uniform observed subset,0.0015340248901687392,,final structured retention evaluation
5,1,1,23,0.5,60,Facility Location,uniform observed subset,0.004086259535677958,,final structured retention evaluation
5,1,1,23,0.5,60,MRDS,uniform observed subset,0.0006494060637283846,5.402127960947486e-05,final structured retention evaluation
5,1,1,23,0.5,60,W2-k-medoids,uniform observed subset,0.0032638374920495343,,final structured retention evaluation
6,1,2,23,0.5,60,Facility Location,uniform observed subset,0.003999417919799627,,final structured retention evaluation
6,1,2,23,0.5,60,MRDS,uniform observed subset,0.0009011307482114402,5.483468789296642e-05,final structured retention evaluation
6,1,2,23,0.5,60,W2-k-medoids,uniform observed subset,0.002666128486068204,,final structured retention evaluation
7,1,3,23,0.5,60,Facility Location,uniform observed subset,0.004209266500974618,,final structured retention evaluation
7,1,3,23,0.5,60,MRDS,uniform observed subset,0.0007792444096806933,9.847932338616742e-05,final structured retention evaluation
7,1,3,23,0.5,60,W2-k-medoids,uniform observed subset,0.004234754183370571,,final structured retention evaluation
8,2,0,37,0.5,60,Facility Location,uniform observed subset,0.004365352550788036,,final structured retention evaluation
8,2,0,37,0.5,60,MRDS,uniform observed subset,0.0002982468381147456,9.756268801502796e-05,final structured retention evaluation
8,2,0,37,0.5,60,W2-k-medoids,uniform observed subset,0.00293881830673501,,final structured retention evaluation
9,2,1,37,0.5,60,Facility Location,uniform observed subset,0.0033336418011049845,,final structured retention evaluation
9,2,1,37,0.5,60,MRDS,uniform observed subset,0.0009495290809470242,0.00010827982681462763,final structured retention evaluation
9,2,1,37,0.5,60,W2-k-medoids,uniform observed subset,0.0026799788558636065,,final structured retention evaluation
10,2,2,37,0.5,60,Facility Location,uniform observed subset,0.005220744489475014,,final structured retention evaluation
10,2,2,37,0.5,60,MRDS,uniform observed subset,0.0009593980589104342,6.074024612484123e-05,final structured retention evaluation
10,2,2,37,0.5,60,W2-k-medoids,uniform observed subset,0.004832541333164203,,final structured retention evaluation
11,2,3,37,0.5,60,Facility Location,uniform observed subset,0.0021394248201445725,,final structured retention evaluation
11,2,3,37,0.5,60,MRDS,uniform observed subset,0.0007601881834371155,5.433865425225041e-05,final structured retention evaluation
11,2,3,37,0.5,60,W2-k-medoids,uniform observed subset,0.0016808639391957762,,final structured retention evaluation
12,3,0,53,0.5,60,Facility Location,uniform observed subset,0.0030665089143434225,,final structured retention evaluation
12,3,0,53,0.5,60,MRDS,uniform observed subset,0.0006929828961501119,0.00010149740899143517,final structured retention evaluation
12,3,0,53,0.5,60,W2-k-medoids,uniform observed subset,0.002920968909188234,,final structured retention evaluation
13,3,1,53,0.5,60,Facility Location,uniform observed subset,0.004413570976657967,,final structured retention evaluation
13,3,1,53,0.5,60,MRDS,uniform observed subset,0.0005698264235744319,5.743715249074515e-05,final structured retention evaluation
13,3,1,53,0.5,60,W2-k-medoids,uniform observed subset,0.003959524211020015,,final structured retention evaluation
14,3,2,53,0.5,60,Facility Location,uniform observed subset,0.004679292377446922,,final structured retention evaluation
14,3,2,53,0.5,60,MRDS,uniform observed subset,0.0010042822147721096,5.462940536814881e-05,final structured retention evaluation
14,3,2,53,0.5,60,W2-k-medoids,uniform observed subset,0.004240748144636547,,final structured retention evaluation
15,3,3,53,0.5,60,Facility Location,uniform observed subset,0.003215490361111883,,final structured retention evaluation
15,3,3,53,0.5,60,MRDS,uniform observed subset,0.0006545464889502791,5.235164378551917e-05,final structured retention evaluation
15,3,3,53,0.5,60,W2-k-medoids,uniform observed subset,0.0022747417674681917,,final structured retention evaluation
16,4,0,71,0.5,60,Facility Location,uniform observed subset,0.005891175390024343,,final structured retention evaluation
16,4,0,71,0.5,60,MRDS,uniform observed subset,0.0012050027491619624,5.984255447717136e-05,final structured retention evaluation
16,4,0,71,0.5,60,W2-k-medoids,uniform observed subset,0.005382137527005468,,final structured retention evaluation
17,4,1,71,0.5,60,Facility Location,uniform observed subset,0.0027441869068238266,,final structured retention evaluation
17,4,1,71,0.5,60,MRDS,uniform observed subset,0.0005472228674995957,5.117861290177586e-05,final structured retention evaluation
17,4,1,71,0.5,60,W2-k-medoids,uniform observed subset,0.0012119954748612944,,final structured retention evaluation
18,4,2,71,0.5,60,Facility Location,uniform observed subset,0.002329995322031853,,final structured retention evaluation
18,4,2,71,0.5,60,MRDS,uniform observed subset,0.0006416867202363202,5.27104463571043e-05,final structured retention evaluation
18,4,2,71,0.5,60,W2-k-medoids,uniform observed subset,0.002144784219020391,,final structured retention evaluation
19,4,3,71,0.5,60,Facility Location,uniform observed subset,0.006050110223458145,,final structured retention evaluation
19,4,3,71,0.5,60,MRDS,uniform observed subset,0.0006580896847084205,0.00010679200750392542,final structured retention evaluation
19,4,3,71,0.5,60,W2-k-medoids,uniform observed subset,0.006090524745613146,,final structured retention evaluation
